score,review,y
1,위생 개판이고 컵에 드러운거 덕지덕지 붙어있어요.제발 좀 닦으세요! 그리고 부탄가스좀 갈아요 제발.알바 화상입을뻔했고 잘못했다가 손님얼굴에 불 붙었으면 어쩌려고그러시나요? 맛은 그저 그래요. 춘천꺼 먹다 여기꺼 못먹겠음.위치빨임.,0
3,맛도 특색없고 비위생적이었어요..!,0
2,"닭갈비는 1인분에 11,000원이구요. 사진은 닭갈비 2인분 주문해서 음식 나오자마자 전혀 손도 안대고 찍은 사진입니다. 진짜 팩트에요 저렇게 나옵니다. 양 보고 진짜 어이가 없었네요. 그리고 무엇보다 직원들 진짜 싸가지 없네요 밥맛 다 떨어지게..양도 직원들 싸가지도 다 없지만 뭣보다 가장 중요한 맛이 없습니다. 이 돈 주고 웨이팅 서가면서 왜 먹는지 전혀 모르겠네요. 재방문 의사 절대 없습니다.",0
1,위생 개판이고 컵에 드러운거 덕지덕지 붙어있어요.제발 좀 닦으세요! 그리고 부탄가스좀 갈아요 제발.알바 화상입을뻔했고 잘못했다가 손님얼굴에 불 붙었으면 어쩌려고그러시나요? 맛은 그저 그래요. 춘천꺼 먹다 여기꺼 못먹겠음.위치빨임.,0
3,맛도 특색없고 비위생적이었어요..!,0
2,"닭갈비는 1인분에 11,000원이구요. 사진은 닭갈비 2인분 주문해서 음식 나오자마자 전혀 손도 안대고 찍은 사진입니다. 진짜 팩트에요 저렇게 나옵니다. 양 보고 진짜 어이가 없었네요. 그리고 무엇보다 직원들 진짜 싸가지 없네요 밥맛 다 떨어지게..양도 직원들 싸가지도 다 없지만 뭣보다 가장 중요한 맛이 없습니다. 이 돈 주고 웨이팅 서가면서 왜 먹는지 전혀 모르겠네요. 재방문 의사 절대 없습니다.",0
1,위생 개판이고 컵에 드러운거 덕지덕지 붙어있어요.제발 좀 닦으세요! 그리고 부탄가스좀 갈아요 제발.알바 화상입을뻔했고 잘못했다가 손님얼굴에 불 붙었으면 어쩌려고그러시나요? 맛은 그저 그래요. 춘천꺼 먹다 여기꺼 못먹겠음.위치빨임.,0
3,맛도 특색없고 비위생적이었어요..!,0
2,"닭갈비는 1인분에 11,000원이구요. 사진은 닭갈비 2인분 주문해서 음식 나오자마자 전혀 손도 안대고 찍은 사진입니다. 진짜 팩트에요 저렇게 나옵니다. 양 보고 진짜 어이가 없었네요. 그리고 무엇보다 직원들 진짜 싸가지 없네요 밥맛 다 떨어지게..양도 직원들 싸가지도 다 없지만 뭣보다 가장 중요한 맛이 없습니다. 이 돈 주고 웨이팅 서가면서 왜 먹는지 전혀 모르겠네요. 재방문 의사 절대 없습니다.",0
3,웨이팅 줄을 가게 안에 세우는게 맞나 싶네요 밥먹고 있는데 옆에 사람들 득실 거려서 먹기 좀 그랬음 맛도 그냥저냥한번 먹고 안갈곳,0
5,"정말 딱 3점짜리 가게.저렴하지도, 맛없지도 그렇다고 맛있지도, 임팩트가 있지도 않은 딱 3점짜리 가게점심식사하기 좋음",1
2,"저녁에는 웨이팅이 있다고 들었는데, 대체 여기 줄을 왜 서는 건지... 직원들 불친절한 건 둘째고 그냥 맛 자체가 X",0
2,,0
4,직원 교육 좀 시키세요 내 돈 주고 밥먹는데 눈치 보여요,1
1,위생 개판이고 컵에 드러운거 덕지덕지 붙어있어요.제발 좀 닦으세요! 그리고 부탄가스좀 갈아요 제발.알바 화상입을뻔했고 잘못했다가 손님얼굴에 불 붙었으면 어쩌려고그러시나요? 맛은 그저 그래요. 춘천꺼 먹다 여기꺼 못먹겠음.위치빨임.,0
3,맛도 특색없고 비위생적이었어요..!,0
2,"닭갈비는 1인분에 11,000원이구요. 사진은 닭갈비 2인분 주문해서 음식 나오자마자 전혀 손도 안대고 찍은 사진입니다. 진짜 팩트에요 저렇게 나옵니다. 양 보고 진짜 어이가 없었네요. 그리고 무엇보다 직원들 진짜 싸가지 없네요 밥맛 다 떨어지게..양도 직원들 싸가지도 다 없지만 뭣보다 가장 중요한 맛이 없습니다. 이 돈 주고 웨이팅 서가면서 왜 먹는지 전혀 모르겠네요. 재방문 의사 절대 없습니다.",0
3,웨이팅 줄을 가게 안에 세우는게 맞나 싶네요 밥먹고 있는데 옆에 사람들 득실 거려서 먹기 좀 그랬음 맛도 그냥저냥한번 먹고 안갈곳,0
5,"정말 딱 3점짜리 가게.저렴하지도, 맛없지도 그렇다고 맛있지도, 임팩트가 있지도 않은 딱 3점짜리 가게점심식사하기 좋음",1
2,"저녁에는 웨이팅이 있다고 들었는데, 대체 여기 줄을 왜 서는 건지... 직원들 불친절한 건 둘째고 그냥 맛 자체가 X",0
2,,0
4,직원 교육 좀 시키세요 내 돈 주고 밥먹는데 눈치 보여요,1
1,"셀프 반찬인데, 고추나 마늘 없이 쌈무와 쌈채소, 쌈장뿐양도 맛도 그냥 그랬어요..밀키트 데운 맛 입니다",0
3,가끔 가는데 맛있어용,0
1,모듬사리를 추가하면 양이 생각보다 많습니다.볶음밥에 김치가 더 있었으면 하는 아쉬움이 있습니다.가끔 재방문 할 의사 있습니다.,0
2,보통맛은 맛있고순한맛은 다시 안먹을것 같아요직원 분들 친절했어요~~,0
4,그냥 그럼 ..,1
1,위생 개판이고 컵에 드러운거 덕지덕지 붙어있어요.제발 좀 닦으세요! 그리고 부탄가스좀 갈아요 제발.알바 화상입을뻔했고 잘못했다가 손님얼굴에 불 붙었으면 어쩌려고그러시나요? 맛은 그저 그래요. 춘천꺼 먹다 여기꺼 못먹겠음.위치빨임.,0
3,맛도 특색없고 비위생적이었어요..!,0
2,"닭갈비는 1인분에 11,000원이구요. 사진은 닭갈비 2인분 주문해서 음식 나오자마자 전혀 손도 안대고 찍은 사진입니다. 진짜 팩트에요 저렇게 나옵니다. 양 보고 진짜 어이가 없었네요. 그리고 무엇보다 직원들 진짜 싸가지 없네요 밥맛 다 떨어지게..양도 직원들 싸가지도 다 없지만 뭣보다 가장 중요한 맛이 없습니다. 이 돈 주고 웨이팅 서가면서 왜 먹는지 전혀 모르겠네요. 재방문 의사 절대 없습니다.",0
3,웨이팅 줄을 가게 안에 세우는게 맞나 싶네요 밥먹고 있는데 옆에 사람들 득실 거려서 먹기 좀 그랬음 맛도 그냥저냥한번 먹고 안갈곳,0
5,"정말 딱 3점짜리 가게.저렴하지도, 맛없지도 그렇다고 맛있지도, 임팩트가 있지도 않은 딱 3점짜리 가게점심식사하기 좋음",1
2,"저녁에는 웨이팅이 있다고 들었는데, 대체 여기 줄을 왜 서는 건지... 직원들 불친절한 건 둘째고 그냥 맛 자체가 X",0
2,,0
4,직원 교육 좀 시키세요 내 돈 주고 밥먹는데 눈치 보여요,1
1,"셀프 반찬인데, 고추나 마늘 없이 쌈무와 쌈채소, 쌈장뿐양도 맛도 그냥 그랬어요..밀키트 데운 맛 입니다",0
3,가끔 가는데 맛있어용,0
1,모듬사리를 추가하면 양이 생각보다 많습니다.볶음밥에 김치가 더 있었으면 하는 아쉬움이 있습니다.가끔 재방문 할 의사 있습니다.,0
2,보통맛은 맛있고순한맛은 다시 안먹을것 같아요직원 분들 친절했어요~~,0
4,그냥 그럼 ..,1
2,,0
1,조리가 다 되어서 빨리 나오는 것이 장점이며 쌈채소와 양배추 샐러드가 싱싱하여 좋았음.맛은 괜찮은 편이나 짠 편이며 대기가 이렇게 많을 정도의 맛은 전혀 아님.업주로 보이는 카운터보는 남성의 태도가 상당히 무례함. 대기 및 들어오는 손님을 본인이 안내하고 관리할 생각을 안하고 줄서있는 손님들한테 다그치듯 묻질 않나 내가 당한것도 아닌데 보기만 해도 불쾌해짐. 손님이 많고 장사가 잘되니 여러번 설명하기 힘들어서 그런거라 이해를 해보지만 돈 내고 감정노동하고 온 기분이라 다시 안가고 싶음.,0
1,비주얼 좋음  음식사진 잘나옴 맛 없음당면끼리 서로 눌어붙음양념 맛 없음 너무 달고 특색 없음 입맛 당기는 맛이 절대 아님 치즈 안 늘어남고기가 퍽퍽하고 고기자체가 별로없음매장 더움테이블에 벌레 날아옴목이 좋아서 장사가 잘 되는 게 분명..,0
6,어제 저녁에 방문했습니다.카운터쪽에 주로 계시던 회색 부리형 마스크 끼신 남자분 너무 불친절해서 불편하게 먹고 나왔네요휴지 어디있냐고 물어봤는데 고갯짓으로 ㅋㅋ 가르키시고 채소 있냐고 여쭤봤는데 손짓으로 ㅋㅋ 다른분들은 친절하신데 .. 아쉽네요,1
4,자주 방문 하는 곳,1
6,비싸지만 맛있음.. 분위기 면에서는 일산점보다는 훨씬 훌륭한데 맛은 일산이 조금 더 좋았음,1
3,,0
5,잘먹었슘다! 맛있어요:),1
6,비싸지만 맛있음.. 분위기 면에서는 일산점보다는 훨씬 훌륭한데 맛은 일산이 조금 더 좋았음,1
3,,0
5,잘먹었슘다! 맛있어요:),1
3,5인 방문해서 세트 및 주류 왕창 시킴. 뭐 달라고 하면 가서 안옴. 또 눌러서 달라고 해야 2번째에 갖다줌. 맥주도 세 번 부름. 스프라이트 30분 후에 옴. 볶음밥은 와서 재료 던져놓고 한참을 안옴. 벨 눌러서 부르니 그냥 양념넣고 가서 또 한참을 안옴. 탈때까지 기다려보자고 했는데 친구가 벨 안눌렀으면 볼만했을듯. 볶음밥 하나 먹는데 벨을 4번 누르는 가게. 돈은 비싸고 룸은 덥고 서비스는 느리고 돈보다도 시간이 아깝고 오랜만에 만난 사람들에게 미안했던 방문. 그 다음 모임들은 전부 다른 가게로 옮겼습니다.,0
7,친절하세요ㅎㅎ 잘먹었습니다,1
4,,1
4,가격대비 서비스를 받는다는 느낌이 안들고 고기도 그냥저냥 깍두기 볶음밥은 별로입니다..,1
3,된찌밥이 진짜 별미,0
6,비싸지만 맛있음.. 분위기 면에서는 일산점보다는 훨씬 훌륭한데 맛은 일산이 조금 더 좋았음,1
3,,0
5,잘먹었슘다! 맛있어요:),1
3,5인 방문해서 세트 및 주류 왕창 시킴. 뭐 달라고 하면 가서 안옴. 또 눌러서 달라고 해야 2번째에 갖다줌. 맥주도 세 번 부름. 스프라이트 30분 후에 옴. 볶음밥은 와서 재료 던져놓고 한참을 안옴. 벨 눌러서 부르니 그냥 양념넣고 가서 또 한참을 안옴. 탈때까지 기다려보자고 했는데 친구가 벨 안눌렀으면 볼만했을듯. 볶음밥 하나 먹는데 벨을 4번 누르는 가게. 돈은 비싸고 룸은 덥고 서비스는 느리고 돈보다도 시간이 아깝고 오랜만에 만난 사람들에게 미안했던 방문. 그 다음 모임들은 전부 다른 가게로 옮겼습니다.,0
7,친절하세요ㅎㅎ 잘먹었습니다,1
4,,1
4,가격대비 서비스를 받는다는 느낌이 안들고 고기도 그냥저냥 깍두기 볶음밥은 별로입니다..,1
3,된찌밥이 진짜 별미,0
8,이 가격이라면 맛 없을 수는 없겠지만 기대보다는 그닥..ㅠㅠ다른 지점에서는 분명 더 맛있게 먹었는데 구워주시는 분에 따라 차이가 있는 걸까요..,1
4,살다살다 이런 가게는 처음입니다.사고 쳐놓고 직원끼리 작당모의 하고 아무일 없는 척 일하는 분들. 매니저는 가식적으로 다음에 오면 서비스 해드릴게요 하는가게.옛날 창고 생각하고 가시지 않길 바랍니다. 유명 프랜차이즈에 인수된 가게에 불과합니다,1
7,두번 가지는 않을것후기대로 직원들 싸가지 없음벨무시 기본메뉴판 달라니까 불친절하게 저뒤에 있잖아요 내가 이집 주인이냐! 저뒤에 있는줄 알게!!!다신 안간다,1
3,벨 무시당함 지나가는 직원한테 고기꿔달라고 말해야함. 언제먹으라는 말도 없이 그냥 휙 가버림 이 돈주고 이 서비스를 당해야하나,0
2,"불친절, 반찬이 특색없음 특히 깍두기볶음밥 최악 물냉은 그나마 먹을만담부턴 경천애인이나 한와담 가야지",0
6,비싸지만 맛있음.. 분위기 면에서는 일산점보다는 훨씬 훌륭한데 맛은 일산이 조금 더 좋았음,1
3,,0
5,잘먹었슘다! 맛있어요:),1
3,5인 방문해서 세트 및 주류 왕창 시킴. 뭐 달라고 하면 가서 안옴. 또 눌러서 달라고 해야 2번째에 갖다줌. 맥주도 세 번 부름. 스프라이트 30분 후에 옴. 볶음밥은 와서 재료 던져놓고 한참을 안옴. 벨 눌러서 부르니 그냥 양념넣고 가서 또 한참을 안옴. 탈때까지 기다려보자고 했는데 친구가 벨 안눌렀으면 볼만했을듯. 볶음밥 하나 먹는데 벨을 4번 누르는 가게. 돈은 비싸고 룸은 덥고 서비스는 느리고 돈보다도 시간이 아깝고 오랜만에 만난 사람들에게 미안했던 방문. 그 다음 모임들은 전부 다른 가게로 옮겼습니다.,0
7,친절하세요ㅎㅎ 잘먹었습니다,1
4,,1
4,가격대비 서비스를 받는다는 느낌이 안들고 고기도 그냥저냥 깍두기 볶음밥은 별로입니다..,1
3,된찌밥이 진짜 별미,0
8,이 가격이라면 맛 없을 수는 없겠지만 기대보다는 그닥..ㅠㅠ다른 지점에서는 분명 더 맛있게 먹었는데 구워주시는 분에 따라 차이가 있는 걸까요..,1
4,살다살다 이런 가게는 처음입니다.사고 쳐놓고 직원끼리 작당모의 하고 아무일 없는 척 일하는 분들. 매니저는 가식적으로 다음에 오면 서비스 해드릴게요 하는가게.옛날 창고 생각하고 가시지 않길 바랍니다. 유명 프랜차이즈에 인수된 가게에 불과합니다,1
7,두번 가지는 않을것후기대로 직원들 싸가지 없음벨무시 기본메뉴판 달라니까 불친절하게 저뒤에 있잖아요 내가 이집 주인이냐! 저뒤에 있는줄 알게!!!다신 안간다,1
3,벨 무시당함 지나가는 직원한테 고기꿔달라고 말해야함. 언제먹으라는 말도 없이 그냥 휙 가버림 이 돈주고 이 서비스를 당해야하나,0
2,"불친절, 반찬이 특색없음 특히 깍두기볶음밥 최악 물냉은 그나마 먹을만담부턴 경천애인이나 한와담 가야지",0
2,,0
2,룸에서 모임하기 좋아요.,0
4,너무 조치 룸도 잇고 근데 환기가 안됨 ㅠ그리고 카운터 남자분 일 똑바로 햇으면 ㅠ 싸1가지 진짜 가정교육 된장찌개에 밥말아먹엇나,1
6,"여기올때마다느끼는거지만 카운터 직원, 맨앞에서 자리응대하는직원 참 불친절...말풍선 다보인다. 말하는게 기본이 안된듯",1
3,,0
6,비싸지만 맛있음.. 분위기 면에서는 일산점보다는 훨씬 훌륭한데 맛은 일산이 조금 더 좋았음,1
3,,0
5,잘먹었슘다! 맛있어요:),1
3,5인 방문해서 세트 및 주류 왕창 시킴. 뭐 달라고 하면 가서 안옴. 또 눌러서 달라고 해야 2번째에 갖다줌. 맥주도 세 번 부름. 스프라이트 30분 후에 옴. 볶음밥은 와서 재료 던져놓고 한참을 안옴. 벨 눌러서 부르니 그냥 양념넣고 가서 또 한참을 안옴. 탈때까지 기다려보자고 했는데 친구가 벨 안눌렀으면 볼만했을듯. 볶음밥 하나 먹는데 벨을 4번 누르는 가게. 돈은 비싸고 룸은 덥고 서비스는 느리고 돈보다도 시간이 아깝고 오랜만에 만난 사람들에게 미안했던 방문. 그 다음 모임들은 전부 다른 가게로 옮겼습니다.,0
7,친절하세요ㅎㅎ 잘먹었습니다,1
4,,1
4,가격대비 서비스를 받는다는 느낌이 안들고 고기도 그냥저냥 깍두기 볶음밥은 별로입니다..,1
3,된찌밥이 진짜 별미,0
8,이 가격이라면 맛 없을 수는 없겠지만 기대보다는 그닥..ㅠㅠ다른 지점에서는 분명 더 맛있게 먹었는데 구워주시는 분에 따라 차이가 있는 걸까요..,1
4,살다살다 이런 가게는 처음입니다.사고 쳐놓고 직원끼리 작당모의 하고 아무일 없는 척 일하는 분들. 매니저는 가식적으로 다음에 오면 서비스 해드릴게요 하는가게.옛날 창고 생각하고 가시지 않길 바랍니다. 유명 프랜차이즈에 인수된 가게에 불과합니다,1
7,두번 가지는 않을것후기대로 직원들 싸가지 없음벨무시 기본메뉴판 달라니까 불친절하게 저뒤에 있잖아요 내가 이집 주인이냐! 저뒤에 있는줄 알게!!!다신 안간다,1
3,벨 무시당함 지나가는 직원한테 고기꿔달라고 말해야함. 언제먹으라는 말도 없이 그냥 휙 가버림 이 돈주고 이 서비스를 당해야하나,0
2,"불친절, 반찬이 특색없음 특히 깍두기볶음밥 최악 물냉은 그나마 먹을만담부턴 경천애인이나 한와담 가야지",0
2,,0
2,룸에서 모임하기 좋아요.,0
4,너무 조치 룸도 잇고 근데 환기가 안됨 ㅠ그리고 카운터 남자분 일 똑바로 햇으면 ㅠ 싸1가지 진짜 가정교육 된장찌개에 밥말아먹엇나,1
6,"여기올때마다느끼는거지만 카운터 직원, 맨앞에서 자리응대하는직원 참 불친절...말풍선 다보인다. 말하는게 기본이 안된듯",1
3,,0
1,바닥이 너무 미끌거림..파채는 도끼로 써는듯,0
1,친구들과 즐겁게 식사하고 왔어요. 룸도 있어서 룸에서 먹으니 좋네요!,0
6,,1
3,원래 리뷰 아예안쓰는데 처음 씁니다. 오랜만에 왔는데 서비스는 개나 줘버리고 고기올려놓고 까먹은건지 뭔지 오지도 않고 이게 소고기인지 고무씹는건지 모르겠네요. 맛있다고 지인 데려왔는데 다신 안올거같아요 만원짜리 삼겹살집이 더 나았을듯,0
4,아니 고기 몇만원어치를 먹는데 계속 안구워주고 벨을 눌러도 묵묵 부답 진짜 비싼값내고 먹는데 짜증나 죽을뻔함,1
7,,1
4,그가격에 그맛,1
2,,0
7,,1
4,그가격에 그맛,1
2,,0
7,,1
4,그가격에 그맛,1
2,,0
3,진짜 맛있어요( ◜⤙◝ )♡,0
1,맛있어요,0
4,제가 구워먹는 고기를 크게 선호하지 않는 편인데 여긴 진짜 맛있어요 ㅋㅋ 데려간 지인들도 다 만족했어요,1
1,,0
4,무엇보다 친절하시고 맛있어요~~ 항정살은 솔드아웃이라 목살 삼겹만 먹었어요 ~~ 고기 두껍고 굿굿,1
7,,1
4,그가격에 그맛,1
2,,0
3,진짜 맛있어요( ◜⤙◝ )♡,0
1,맛있어요,0
4,제가 구워먹는 고기를 크게 선호하지 않는 편인데 여긴 진짜 맛있어요 ㅋㅋ 데려간 지인들도 다 만족했어요,1
1,,0
4,무엇보다 친절하시고 맛있어요~~ 항정살은 솔드아웃이라 목살 삼겹만 먹었어요 ~~ 고기 두껍고 굿굿,1
8,"가격이 비싸고 양이 작아서 가성비 면에선 별로지만 삼겹살이 진짜 맛있어요. 육즙 콸콸👍🏻 목살은 삼겹살만큼은 아니었고, 된장찌개는 쏘쏘에 물냉은 진짜 별로에요😨 고기 구워주시는 직원 분 정말 유쾌하셨구 비싸지만 삼겹살 먹으러 또 갈거같아요 ㅎㅎ",1
4,된장찌개 냉면 등은 평범한데 고기가 미쳤음 한 남자직원이 너무 불친절해서 기분 나빴는데그걸 다 용서할 수 있을만큼 존맛,1
1,고기 당연히 맛있고 된장밥도 맛있었구 비빔냉면이 진짜 맛있어요!! 직원분들 고기도 잘구워주시고 엄청 친절하고 유쾌하셔서 기분좋게 식사했어요. 얼린 물티슈도 주시는 센스...!! 유일한 아쉬운점은 양이 약간 작은 점 정도입니당,0
3,가격있는만큼 고기 질이 좋다 사장님 고기굽는 스킬도 좋아서 더 좋다,0
2,진짜 여기저기 다녀봤지만 이곳이 좋다..양은 많은 편은 아니지만 그렇다고 적은 편도 아님!삼겹살 먹고싶을땐 무조건 여기 감.. 쵝오,0
7,,1
4,그가격에 그맛,1
2,,0
3,진짜 맛있어요( ◜⤙◝ )♡,0
1,맛있어요,0
4,제가 구워먹는 고기를 크게 선호하지 않는 편인데 여긴 진짜 맛있어요 ㅋㅋ 데려간 지인들도 다 만족했어요,1
1,,0
4,무엇보다 친절하시고 맛있어요~~ 항정살은 솔드아웃이라 목살 삼겹만 먹었어요 ~~ 고기 두껍고 굿굿,1
8,"가격이 비싸고 양이 작아서 가성비 면에선 별로지만 삼겹살이 진짜 맛있어요. 육즙 콸콸👍🏻 목살은 삼겹살만큼은 아니었고, 된장찌개는 쏘쏘에 물냉은 진짜 별로에요😨 고기 구워주시는 직원 분 정말 유쾌하셨구 비싸지만 삼겹살 먹으러 또 갈거같아요 ㅎㅎ",1
4,된장찌개 냉면 등은 평범한데 고기가 미쳤음 한 남자직원이 너무 불친절해서 기분 나빴는데그걸 다 용서할 수 있을만큼 존맛,1
1,고기 당연히 맛있고 된장밥도 맛있었구 비빔냉면이 진짜 맛있어요!! 직원분들 고기도 잘구워주시고 엄청 친절하고 유쾌하셔서 기분좋게 식사했어요. 얼린 물티슈도 주시는 센스...!! 유일한 아쉬운점은 양이 약간 작은 점 정도입니당,0
3,가격있는만큼 고기 질이 좋다 사장님 고기굽는 스킬도 좋아서 더 좋다,0
2,진짜 여기저기 다녀봤지만 이곳이 좋다..양은 많은 편은 아니지만 그렇다고 적은 편도 아님!삼겹살 먹고싶을땐 무조건 여기 감.. 쵝오,0
3,,0
5,존맛탱. 양 적고 비싸지만 돈 값합니다. 두꺼운 삼겹살 유행이지만 그 중에서도 뛰어난 맛입니다. 직원들도 친절하십니다. 괜히 사람이 많은 게 아님!!! 재방문의사 200%. 오래오래 다니고싶은 집.,1
3,"가격이 좀 비싸지만 통통하고 넘나 맛있어요,,양 적어서 3명이서 6인분은 먹어줘야해요직원분들 친절해요",0
2,,0
3,"목살, 삼겹살 먹었는데 첫 한점은 정말 맛있는데 나중갈수록 퍽퍽해서 아쉬웠어요ㅜㅠ 남자친구가 강추해서 같이 간 곳인데 고기 구워주시는 직원분에 따라서 고기 맛이 달라지는 거 같아요~ 비빔냉면도 맛있었습니다~",0
7,"프렌치랙, 등심이 맛있습니다. 숄더랙은 질겼어요. 사이드로 고추 명란밥 추천드립니다. 직원이 구워주기는 하나, 손 댈 필요 없을 정도로 신경쓰지는 않으니 이 점 유의하세요.",1
3,양고기 냄새 전혀없고 부드럽습니다 처음드시는 분들도 거부감 못느끼겠어요직접 구워주어 편합니다 6명이 배불리먹고 30정도 나왔어요 와인콜키지 2인당1병 무료,0
2,,0
7,"프렌치랙, 등심이 맛있습니다. 숄더랙은 질겼어요. 사이드로 고추 명란밥 추천드립니다. 직원이 구워주기는 하나, 손 댈 필요 없을 정도로 신경쓰지는 않으니 이 점 유의하세요.",1
3,양고기 냄새 전혀없고 부드럽습니다 처음드시는 분들도 거부감 못느끼겠어요직접 구워주어 편합니다 6명이 배불리먹고 30정도 나왔어요 와인콜키지 2인당1병 무료,0
2,,0
4,돈많이 벌어서 배부른집,1
2,맛이 좋아 4번 방문했었습니다.5번째 방문하려는데 매우 불쾌하네요. 매니저이신지 사장님이신지. 시간이 가면 갈수록 불친절해지시더니 정점을 찍어 다신 방문의사 없습니다. 브레이크타임에 대한 내용이 안내문마다 달라 브레이크타임 종료시에 들어갔더니 브레이크타임 종료는 맞는데 30분의 추가 세팅시간이 있으니 30분있다가 다시 방문해달라는 어이없는 소리를 계산대 책상에 몸을 기대서 건성 건성 답변해주시더라고요. 정말 맛때문에 그냥 참고 다녔었는데 삼성점이랑은 다른 태도에 시간이 더걸리더라도 다시 삼성점으로 방문할 생각입니다. 리뷰확인하시고 헛걸음하지 않길 바랍니다.,0
2,"맛 좋습니다.예약시스템, 합리적 가격, 좋은 위치단, 룸은 구워지지않는 시스템은 조금 아쉽습니다 참고해주세요!",0
4,"일단 맛도 있고 서비스도 잘 갖춰져있다. 이런 곳은 하란데로 하는게 좋다. 서비스란게.. 받는 사람도 하기나름. 꽉찬 테이블 왔다갔다 하면서도, 잘 구워주고 챙겨주었다고 생각한다. 매우 미숙하지만 엄청 노력해준 새알바분도 땡큐.",1
2,맛있는 편.2인은 바 좌석 밖에 못 앉아서 상당히 불편하다.직원이 직접 구워주다보니 따닥따닥 앉히는 것도 불편.4인 이상부터만 예약 가능.입구쪽에서 안내하는 남직원 상당히 고압적.분위기는 좋고 고기도 신선한 편.특제 소스는 살짝 찍는 게 아니라 듬뿍 찍어먹는 게 맛있다.사이드 메뉴 중 라멘과 고추명란밥은 둘 다 간이 좀 세다.,0
7,"프렌치랙, 등심이 맛있습니다. 숄더랙은 질겼어요. 사이드로 고추 명란밥 추천드립니다. 직원이 구워주기는 하나, 손 댈 필요 없을 정도로 신경쓰지는 않으니 이 점 유의하세요.",1
3,양고기 냄새 전혀없고 부드럽습니다 처음드시는 분들도 거부감 못느끼겠어요직접 구워주어 편합니다 6명이 배불리먹고 30정도 나왔어요 와인콜키지 2인당1병 무료,0
2,,0
4,돈많이 벌어서 배부른집,1
2,맛이 좋아 4번 방문했었습니다.5번째 방문하려는데 매우 불쾌하네요. 매니저이신지 사장님이신지. 시간이 가면 갈수록 불친절해지시더니 정점을 찍어 다신 방문의사 없습니다. 브레이크타임에 대한 내용이 안내문마다 달라 브레이크타임 종료시에 들어갔더니 브레이크타임 종료는 맞는데 30분의 추가 세팅시간이 있으니 30분있다가 다시 방문해달라는 어이없는 소리를 계산대 책상에 몸을 기대서 건성 건성 답변해주시더라고요. 정말 맛때문에 그냥 참고 다녔었는데 삼성점이랑은 다른 태도에 시간이 더걸리더라도 다시 삼성점으로 방문할 생각입니다. 리뷰확인하시고 헛걸음하지 않길 바랍니다.,0
2,"맛 좋습니다.예약시스템, 합리적 가격, 좋은 위치단, 룸은 구워지지않는 시스템은 조금 아쉽습니다 참고해주세요!",0
4,"일단 맛도 있고 서비스도 잘 갖춰져있다. 이런 곳은 하란데로 하는게 좋다. 서비스란게.. 받는 사람도 하기나름. 꽉찬 테이블 왔다갔다 하면서도, 잘 구워주고 챙겨주었다고 생각한다. 매우 미숙하지만 엄청 노력해준 새알바분도 땡큐.",1
2,맛있는 편.2인은 바 좌석 밖에 못 앉아서 상당히 불편하다.직원이 직접 구워주다보니 따닥따닥 앉히는 것도 불편.4인 이상부터만 예약 가능.입구쪽에서 안내하는 남직원 상당히 고압적.분위기는 좋고 고기도 신선한 편.특제 소스는 살짝 찍는 게 아니라 듬뿍 찍어먹는 게 맛있다.사이드 메뉴 중 라멘과 고추명란밥은 둘 다 간이 좀 세다.,0
1,,0
1,친절한듯 하지만 부족한 점이 많은 서비스..맛없다고 하긴 애매하지만 그렇다고 뛰어나게 맛있지도 않음…,0
6,"고메램 강남점에서 지인과 모듬양갈비로 맛있는 양고기 숯불구이를 먹었다. 처음 먹어보는 양고기구이였는데, 각 부위와 먹는 방법에 대한 설명으로 양고기를 맛있게 먹어볼 수 있었다.",1
3,너무 맛있어요 앉은 자리도 편하고 인테리어 분위기 너무 좋네요 사이드메뉴도 짜지않고 전반적으로 구수한 맛이여서 더 좋았어요~,0
2,맛있어요!! 분위기도 좋고 담에 또 가야겠어요 ㅎㅎ굳굳,0
7,"프렌치랙, 등심이 맛있습니다. 숄더랙은 질겼어요. 사이드로 고추 명란밥 추천드립니다. 직원이 구워주기는 하나, 손 댈 필요 없을 정도로 신경쓰지는 않으니 이 점 유의하세요.",1
3,양고기 냄새 전혀없고 부드럽습니다 처음드시는 분들도 거부감 못느끼겠어요직접 구워주어 편합니다 6명이 배불리먹고 30정도 나왔어요 와인콜키지 2인당1병 무료,0
2,,0
4,돈많이 벌어서 배부른집,1
2,맛이 좋아 4번 방문했었습니다.5번째 방문하려는데 매우 불쾌하네요. 매니저이신지 사장님이신지. 시간이 가면 갈수록 불친절해지시더니 정점을 찍어 다신 방문의사 없습니다. 브레이크타임에 대한 내용이 안내문마다 달라 브레이크타임 종료시에 들어갔더니 브레이크타임 종료는 맞는데 30분의 추가 세팅시간이 있으니 30분있다가 다시 방문해달라는 어이없는 소리를 계산대 책상에 몸을 기대서 건성 건성 답변해주시더라고요. 정말 맛때문에 그냥 참고 다녔었는데 삼성점이랑은 다른 태도에 시간이 더걸리더라도 다시 삼성점으로 방문할 생각입니다. 리뷰확인하시고 헛걸음하지 않길 바랍니다.,0
2,"맛 좋습니다.예약시스템, 합리적 가격, 좋은 위치단, 룸은 구워지지않는 시스템은 조금 아쉽습니다 참고해주세요!",0
4,"일단 맛도 있고 서비스도 잘 갖춰져있다. 이런 곳은 하란데로 하는게 좋다. 서비스란게.. 받는 사람도 하기나름. 꽉찬 테이블 왔다갔다 하면서도, 잘 구워주고 챙겨주었다고 생각한다. 매우 미숙하지만 엄청 노력해준 새알바분도 땡큐.",1
2,맛있는 편.2인은 바 좌석 밖에 못 앉아서 상당히 불편하다.직원이 직접 구워주다보니 따닥따닥 앉히는 것도 불편.4인 이상부터만 예약 가능.입구쪽에서 안내하는 남직원 상당히 고압적.분위기는 좋고 고기도 신선한 편.특제 소스는 살짝 찍는 게 아니라 듬뿍 찍어먹는 게 맛있다.사이드 메뉴 중 라멘과 고추명란밥은 둘 다 간이 좀 세다.,0
1,,0
1,친절한듯 하지만 부족한 점이 많은 서비스..맛없다고 하긴 애매하지만 그렇다고 뛰어나게 맛있지도 않음…,0
6,"고메램 강남점에서 지인과 모듬양갈비로 맛있는 양고기 숯불구이를 먹었다. 처음 먹어보는 양고기구이였는데, 각 부위와 먹는 방법에 대한 설명으로 양고기를 맛있게 먹어볼 수 있었다.",1
3,너무 맛있어요 앉은 자리도 편하고 인테리어 분위기 너무 좋네요 사이드메뉴도 짜지않고 전반적으로 구수한 맛이여서 더 좋았어요~,0
2,맛있어요!! 분위기도 좋고 담에 또 가야겠어요 ㅎㅎ굳굳,0
3,"야채는 직접 구워 먹어야 합니다. 맛있는 익힘정도로 잘 구워주던 양갈비 전문점 가다가 그냥 굽기만 하는 곳에서 먹으니 내가 직접 구워먹는게 낫겠다 싶어요! (겉은 타고 속은 안익고, 와규 등심은 삼겹살처럼 바싹 태우더라구요) 재방문 의사 없어요!",0
1,맛있네요 분위기도 좋고 고기도 다 구워주시고 다 좋습니다,0
3,괜찮앗어요 재방문 의사 잇는데 낫또밥은 너무 비림 ㅠ,0
2,좋아요 와인 콜키지도 됨!,0
3,분위기 짱 좋음 금요일밤에 가니까 웨이팅 좀 있음! 예약 꼭 하고 가시길! 양갈비는 언제먹든 맛있는데 고기 구워주는 직원분 스킬이 아쉬웠다.. 양갈비는 자고로 센불에 고기 겉면 빠짝! 익히고 미디움으로 먹는게 최곤데… 숯빼주실때보니까 숯 양이 적었던거 같아서 불이 약했던거 같기두 하당 그리고 양갈비 뼈대쪽은 더 오래 익혀야 살이 익는데 너무 대충 주셔서 나중에주신 뼈대는 안익은 상태였다 솔직한 맘으론 내가 굽고 싶었다ㅋㅋ ㅠ 그래도 분위기는 좋다.. 고기맛도 좋고.. 고기구워쥬는 직원은 복불복이니 어쩔수없는 것.. 흑흑,0
7,"프렌치랙, 등심이 맛있습니다. 숄더랙은 질겼어요. 사이드로 고추 명란밥 추천드립니다. 직원이 구워주기는 하나, 손 댈 필요 없을 정도로 신경쓰지는 않으니 이 점 유의하세요.",1
3,양고기 냄새 전혀없고 부드럽습니다 처음드시는 분들도 거부감 못느끼겠어요직접 구워주어 편합니다 6명이 배불리먹고 30정도 나왔어요 와인콜키지 2인당1병 무료,0
2,,0
4,돈많이 벌어서 배부른집,1
2,맛이 좋아 4번 방문했었습니다.5번째 방문하려는데 매우 불쾌하네요. 매니저이신지 사장님이신지. 시간이 가면 갈수록 불친절해지시더니 정점을 찍어 다신 방문의사 없습니다. 브레이크타임에 대한 내용이 안내문마다 달라 브레이크타임 종료시에 들어갔더니 브레이크타임 종료는 맞는데 30분의 추가 세팅시간이 있으니 30분있다가 다시 방문해달라는 어이없는 소리를 계산대 책상에 몸을 기대서 건성 건성 답변해주시더라고요. 정말 맛때문에 그냥 참고 다녔었는데 삼성점이랑은 다른 태도에 시간이 더걸리더라도 다시 삼성점으로 방문할 생각입니다. 리뷰확인하시고 헛걸음하지 않길 바랍니다.,0
2,"맛 좋습니다.예약시스템, 합리적 가격, 좋은 위치단, 룸은 구워지지않는 시스템은 조금 아쉽습니다 참고해주세요!",0
4,"일단 맛도 있고 서비스도 잘 갖춰져있다. 이런 곳은 하란데로 하는게 좋다. 서비스란게.. 받는 사람도 하기나름. 꽉찬 테이블 왔다갔다 하면서도, 잘 구워주고 챙겨주었다고 생각한다. 매우 미숙하지만 엄청 노력해준 새알바분도 땡큐.",1
2,맛있는 편.2인은 바 좌석 밖에 못 앉아서 상당히 불편하다.직원이 직접 구워주다보니 따닥따닥 앉히는 것도 불편.4인 이상부터만 예약 가능.입구쪽에서 안내하는 남직원 상당히 고압적.분위기는 좋고 고기도 신선한 편.특제 소스는 살짝 찍는 게 아니라 듬뿍 찍어먹는 게 맛있다.사이드 메뉴 중 라멘과 고추명란밥은 둘 다 간이 좀 세다.,0
1,,0
1,친절한듯 하지만 부족한 점이 많은 서비스..맛없다고 하긴 애매하지만 그렇다고 뛰어나게 맛있지도 않음…,0
6,"고메램 강남점에서 지인과 모듬양갈비로 맛있는 양고기 숯불구이를 먹었다. 처음 먹어보는 양고기구이였는데, 각 부위와 먹는 방법에 대한 설명으로 양고기를 맛있게 먹어볼 수 있었다.",1
3,너무 맛있어요 앉은 자리도 편하고 인테리어 분위기 너무 좋네요 사이드메뉴도 짜지않고 전반적으로 구수한 맛이여서 더 좋았어요~,0
2,맛있어요!! 분위기도 좋고 담에 또 가야겠어요 ㅎㅎ굳굳,0
3,"야채는 직접 구워 먹어야 합니다. 맛있는 익힘정도로 잘 구워주던 양갈비 전문점 가다가 그냥 굽기만 하는 곳에서 먹으니 내가 직접 구워먹는게 낫겠다 싶어요! (겉은 타고 속은 안익고, 와규 등심은 삼겹살처럼 바싹 태우더라구요) 재방문 의사 없어요!",0
1,맛있네요 분위기도 좋고 고기도 다 구워주시고 다 좋습니다,0
3,괜찮앗어요 재방문 의사 잇는데 낫또밥은 너무 비림 ㅠ,0
2,좋아요 와인 콜키지도 됨!,0
3,분위기 짱 좋음 금요일밤에 가니까 웨이팅 좀 있음! 예약 꼭 하고 가시길! 양갈비는 언제먹든 맛있는데 고기 구워주는 직원분 스킬이 아쉬웠다.. 양갈비는 자고로 센불에 고기 겉면 빠짝! 익히고 미디움으로 먹는게 최곤데… 숯빼주실때보니까 숯 양이 적었던거 같아서 불이 약했던거 같기두 하당 그리고 양갈비 뼈대쪽은 더 오래 익혀야 살이 익는데 너무 대충 주셔서 나중에주신 뼈대는 안익은 상태였다 솔직한 맘으론 내가 굽고 싶었다ㅋㅋ ㅠ 그래도 분위기는 좋다.. 고기맛도 좋고.. 고기구워쥬는 직원은 복불복이니 어쩔수없는 것.. 흑흑,0
1,맛 굳친철 굳,0
3,1년만에 다시 방문평점 5점에서 3점으로 바꿔요맛은 달라진게 없는데….,0
5,"맛있고 비쌉니다!모둠2인분, 된장찌개",1
5,친구 추천으로 생일날에 일부러 주말에 방문.코로나로 손님도 없었고 테이블 자리도 텅 비었지만 시간이 몇분 남지 않았다는 이유로 고기도 많이 남았고 가격도 싸지 않은데 눈치없이 불판을 빼서 이해가 안대고 직원의 서비스도 너무 마음에 안듬...두번째 방문이지만 너무 실망이며 직원의 사과 하는태도도 너무 성의가 없어서 강남 매장은  두번다시 방문하고 싶지가 않네요......완전 실망,1
7,,1
1,비싸고 고기다태우고물도 안갖다줌.. 숯도 안갖다줌...손님이 오든말든 신경안씀...서비스가진짜개구림...가격은 진짜비싸면서 서비스가 구림,0
4,그냥 그래요!,1
3,맛있습니다 ㄹㅇ,0
1,비싸고 고기다태우고물도 안갖다줌.. 숯도 안갖다줌...손님이 오든말든 신경안씀...서비스가진짜개구림...가격은 진짜비싸면서 서비스가 구림,0
4,그냥 그래요!,1
3,맛있습니다 ㄹㅇ,0
3,"고기는 질이좋아보이나 서비스가 다 별로임사람이 안친절하다기보단 1인분에 17000원인 삼겹살을 먹으면 보통구워주기마련.물론 안구워주는게 아니다. 다 태우면서 굽는다.특히 비계쪽이 많이 탔고, 직원분께 얘기를 해서 탄부분을 잘라서 주셨다. 빡치지만 그래도 못먹는건 아니니 괜찮았다. 추가로 고기를 더 주문했는데, 불판에 올려두고 직원들끼리 떠들고있었다.보다못해서 결국 직접구웠다. 한줄평 : 불이 너무 세면 숯을 덜 넣던가 아니면 계속 고기를 안타게 구워주던가 170g에 17000원에 고기를 먹으려는 이유가 있는데 그 이유를 싸그리 무시한 가게.",0
9,"콜키지프리, 이베리코목살은 퍽퍽했고 삼겹살 맛집(2022-09-16 재작성)콜키지 2만원. 더 이상 찾아 갈 이유는 없는 곳. 고기는 맛이 있는 편이지만 굳이? 이 가격에? 숙대입구역 모 삼겹살 집을 벤치마킹 한 느낌은 기분 탓인지",1
4,"삼겹살, 목살, 이베리코목살 모두 시켰었는데, 다 기억에 안남는다.특히 이베리코목살은 육안상 마블링은 좋았는데 '차이가 뭐였지?' 싶음.맛은 강남은 워낙 고기집들이 전쟁중이라 상상가는 그 맛이다.두툼한 고기 숯불에 잘 구워서 먹는 맛.된장술밥 그냥그랬고, 비빔국수가 맛있던거로 기억난다.남자분들은 설명이나 고기굽는거나 잘 응대해주심.종업원중 되게 성격이 날카로운 여자분 한 분 계셨는데 아직 잘 다니시려나..?어차피 우연히 방문한거라 다시 갈 일은 없겠지만.",1
1,,0
1,우리 밍구가 아주 좋아해요~^^,0
1,비싸고 고기다태우고물도 안갖다줌.. 숯도 안갖다줌...손님이 오든말든 신경안씀...서비스가진짜개구림...가격은 진짜비싸면서 서비스가 구림,0
4,그냥 그래요!,1
3,맛있습니다 ㄹㅇ,0
3,"고기는 질이좋아보이나 서비스가 다 별로임사람이 안친절하다기보단 1인분에 17000원인 삼겹살을 먹으면 보통구워주기마련.물론 안구워주는게 아니다. 다 태우면서 굽는다.특히 비계쪽이 많이 탔고, 직원분께 얘기를 해서 탄부분을 잘라서 주셨다. 빡치지만 그래도 못먹는건 아니니 괜찮았다. 추가로 고기를 더 주문했는데, 불판에 올려두고 직원들끼리 떠들고있었다.보다못해서 결국 직접구웠다. 한줄평 : 불이 너무 세면 숯을 덜 넣던가 아니면 계속 고기를 안타게 구워주던가 170g에 17000원에 고기를 먹으려는 이유가 있는데 그 이유를 싸그리 무시한 가게.",0
9,"콜키지프리, 이베리코목살은 퍽퍽했고 삼겹살 맛집(2022-09-16 재작성)콜키지 2만원. 더 이상 찾아 갈 이유는 없는 곳. 고기는 맛이 있는 편이지만 굳이? 이 가격에? 숙대입구역 모 삼겹살 집을 벤치마킹 한 느낌은 기분 탓인지",1
4,"삼겹살, 목살, 이베리코목살 모두 시켰었는데, 다 기억에 안남는다.특히 이베리코목살은 육안상 마블링은 좋았는데 '차이가 뭐였지?' 싶음.맛은 강남은 워낙 고기집들이 전쟁중이라 상상가는 그 맛이다.두툼한 고기 숯불에 잘 구워서 먹는 맛.된장술밥 그냥그랬고, 비빔국수가 맛있던거로 기억난다.남자분들은 설명이나 고기굽는거나 잘 응대해주심.종업원중 되게 성격이 날카로운 여자분 한 분 계셨는데 아직 잘 다니시려나..?어차피 우연히 방문한거라 다시 갈 일은 없겠지만.",1
1,,0
1,우리 밍구가 아주 좋아해요~^^,0
2,,0
3,,0
9,,1
3,서비스 진짜 별로임.. 친구보다 5분정도 먼저와서 고기시켜놓고 잠시 기다리고 있는데 다른분 언제오냐고 겁나 물어보면서 눈치줌...최악의 서비스.. 강남에 이런데가 잇다니 충격임.직원분중이 키작으셧던 분 같은데 진짜 최악이고 드러웟음,0
7,,1
1,비싸고 고기다태우고물도 안갖다줌.. 숯도 안갖다줌...손님이 오든말든 신경안씀...서비스가진짜개구림...가격은 진짜비싸면서 서비스가 구림,0
4,그냥 그래요!,1
3,맛있습니다 ㄹㅇ,0
3,"고기는 질이좋아보이나 서비스가 다 별로임사람이 안친절하다기보단 1인분에 17000원인 삼겹살을 먹으면 보통구워주기마련.물론 안구워주는게 아니다. 다 태우면서 굽는다.특히 비계쪽이 많이 탔고, 직원분께 얘기를 해서 탄부분을 잘라서 주셨다. 빡치지만 그래도 못먹는건 아니니 괜찮았다. 추가로 고기를 더 주문했는데, 불판에 올려두고 직원들끼리 떠들고있었다.보다못해서 결국 직접구웠다. 한줄평 : 불이 너무 세면 숯을 덜 넣던가 아니면 계속 고기를 안타게 구워주던가 170g에 17000원에 고기를 먹으려는 이유가 있는데 그 이유를 싸그리 무시한 가게.",0
9,"콜키지프리, 이베리코목살은 퍽퍽했고 삼겹살 맛집(2022-09-16 재작성)콜키지 2만원. 더 이상 찾아 갈 이유는 없는 곳. 고기는 맛이 있는 편이지만 굳이? 이 가격에? 숙대입구역 모 삼겹살 집을 벤치마킹 한 느낌은 기분 탓인지",1
4,"삼겹살, 목살, 이베리코목살 모두 시켰었는데, 다 기억에 안남는다.특히 이베리코목살은 육안상 마블링은 좋았는데 '차이가 뭐였지?' 싶음.맛은 강남은 워낙 고기집들이 전쟁중이라 상상가는 그 맛이다.두툼한 고기 숯불에 잘 구워서 먹는 맛.된장술밥 그냥그랬고, 비빔국수가 맛있던거로 기억난다.남자분들은 설명이나 고기굽는거나 잘 응대해주심.종업원중 되게 성격이 날카로운 여자분 한 분 계셨는데 아직 잘 다니시려나..?어차피 우연히 방문한거라 다시 갈 일은 없겠지만.",1
1,,0
1,우리 밍구가 아주 좋아해요~^^,0
2,,0
3,,0
9,,1
3,서비스 진짜 별로임.. 친구보다 5분정도 먼저와서 고기시켜놓고 잠시 기다리고 있는데 다른분 언제오냐고 겁나 물어보면서 눈치줌...최악의 서비스.. 강남에 이런데가 잇다니 충격임.직원분중이 키작으셧던 분 같은데 진짜 최악이고 드러웟음,0
7,,1
4,맛있음 반찬도 굿,1
1,,0
5,맛나게먹었어요,1
1,"숯불, 석쇠(그릴)위에 고기를 굽다보니 연기가 너무 심한건 둘째치고 고기에 그을음이 코팅되는군요.목살에 마블링처럼 보이는 부분(목살에 웬 마블링?)은 먹어보니 힘줄 같네요.등받이 없는 의자도 불편해요. 포장마차도 아니고 이 가격에...",0
1,그나마 먹을만한건 이베리코 목살,0
1,비싸고 고기다태우고물도 안갖다줌.. 숯도 안갖다줌...손님이 오든말든 신경안씀...서비스가진짜개구림...가격은 진짜비싸면서 서비스가 구림,0
4,그냥 그래요!,1
3,맛있습니다 ㄹㅇ,0
3,"고기는 질이좋아보이나 서비스가 다 별로임사람이 안친절하다기보단 1인분에 17000원인 삼겹살을 먹으면 보통구워주기마련.물론 안구워주는게 아니다. 다 태우면서 굽는다.특히 비계쪽이 많이 탔고, 직원분께 얘기를 해서 탄부분을 잘라서 주셨다. 빡치지만 그래도 못먹는건 아니니 괜찮았다. 추가로 고기를 더 주문했는데, 불판에 올려두고 직원들끼리 떠들고있었다.보다못해서 결국 직접구웠다. 한줄평 : 불이 너무 세면 숯을 덜 넣던가 아니면 계속 고기를 안타게 구워주던가 170g에 17000원에 고기를 먹으려는 이유가 있는데 그 이유를 싸그리 무시한 가게.",0
9,"콜키지프리, 이베리코목살은 퍽퍽했고 삼겹살 맛집(2022-09-16 재작성)콜키지 2만원. 더 이상 찾아 갈 이유는 없는 곳. 고기는 맛이 있는 편이지만 굳이? 이 가격에? 숙대입구역 모 삼겹살 집을 벤치마킹 한 느낌은 기분 탓인지",1
4,"삼겹살, 목살, 이베리코목살 모두 시켰었는데, 다 기억에 안남는다.특히 이베리코목살은 육안상 마블링은 좋았는데 '차이가 뭐였지?' 싶음.맛은 강남은 워낙 고기집들이 전쟁중이라 상상가는 그 맛이다.두툼한 고기 숯불에 잘 구워서 먹는 맛.된장술밥 그냥그랬고, 비빔국수가 맛있던거로 기억난다.남자분들은 설명이나 고기굽는거나 잘 응대해주심.종업원중 되게 성격이 날카로운 여자분 한 분 계셨는데 아직 잘 다니시려나..?어차피 우연히 방문한거라 다시 갈 일은 없겠지만.",1
1,,0
1,우리 밍구가 아주 좋아해요~^^,0
2,,0
3,,0
9,,1
3,서비스 진짜 별로임.. 친구보다 5분정도 먼저와서 고기시켜놓고 잠시 기다리고 있는데 다른분 언제오냐고 겁나 물어보면서 눈치줌...최악의 서비스.. 강남에 이런데가 잇다니 충격임.직원분중이 키작으셧던 분 같은데 진짜 최악이고 드러웟음,0
7,,1
4,맛있음 반찬도 굿,1
1,,0
5,맛나게먹었어요,1
1,"숯불, 석쇠(그릴)위에 고기를 굽다보니 연기가 너무 심한건 둘째치고 고기에 그을음이 코팅되는군요.목살에 마블링처럼 보이는 부분(목살에 웬 마블링?)은 먹어보니 힘줄 같네요.등받이 없는 의자도 불편해요. 포장마차도 아니고 이 가격에...",0
1,그나마 먹을만한건 이베리코 목살,0
2,"애매하다. 목살은 너무 질겨서 충정로 *툼 보다 못하고, 항정살은 기름덩어리라 남영동 **돈만 못하고, 삼겹살이랑 된찌가 그래도 그나마 제일 낫다. 별 3개가 적당한데, 현 평점이 너무 높아서 1개 드려본다. 웨이팅하면서 먹을 곳은 아닌듯.",0
4,숙성돼지라 맛있었어요~~친절하시고 고기도 잘 구워주세요추가주문도 테블릿으로 해서 편하고단점은 늦게가면 웨이팅이 있다는 점??,1
2,괜찮음,0
3,,0
2,진심 대박 맛있고!특별한건 직원분이 끝까지 구워주시는게 최고!내 인생  최고의 고기집이였음!,0
1,곱창 너무 맛있었어요~~! 양도 두명이서 모둠 딱 배부르게 먹음! 그리고 볶음밥이 진짜 최고!! 그리고 옆자리에 곱창 다 먹어놓고 얼마없을 때 볶음밥 먹기 직전에 곱창이 너무 질기다며 이모님께 먹어보라하고 말 꼬투리 잡으면서 시비 터는 개진상 손님 있었는데 끝까지 친절하게 응대하신거 인상 깊었어요 ㅜㅜ 곱창 하나도 안질겼는데.. 고생하시네요~!,0
5,정말 맛있다고 생각했는데 리뷰보고 떠올리니까 앞치마 주머니에서 가위 꺼내서 이 테이블 저 테이블 다 잘라주고 건더기 묻은 국자로 또 다 퍼주시고 다니는 거 역겹긴 하네요 그치만 맛있었어요 반찬 리필칸도 텅텅 비었고 바닥도 더러웠지만 나쁘단 생각은 별로 안 들었구요 근데 다만 다닥다닥 붙어있어서 옆 테이블 하는 말이 다 들렸는데 볶음밥이 안나왔다고 혹시 주문 안들어갔으면 그냥 취소해달라 하니까 사장님은 지나가며 주문 들어갔다고 훽 가버리고 아주머님은 이제 들어갔다고 죄송하다고 하고 좀 웃겼네요 사장님 손님 말을 좀 들으세요,1
2,곱창 맛있어요,0
1,곱창 너무 맛있었어요~~! 양도 두명이서 모둠 딱 배부르게 먹음! 그리고 볶음밥이 진짜 최고!! 그리고 옆자리에 곱창 다 먹어놓고 얼마없을 때 볶음밥 먹기 직전에 곱창이 너무 질기다며 이모님께 먹어보라하고 말 꼬투리 잡으면서 시비 터는 개진상 손님 있었는데 끝까지 친절하게 응대하신거 인상 깊었어요 ㅜㅜ 곱창 하나도 안질겼는데.. 고생하시네요~!,0
5,정말 맛있다고 생각했는데 리뷰보고 떠올리니까 앞치마 주머니에서 가위 꺼내서 이 테이블 저 테이블 다 잘라주고 건더기 묻은 국자로 또 다 퍼주시고 다니는 거 역겹긴 하네요 그치만 맛있었어요 반찬 리필칸도 텅텅 비었고 바닥도 더러웠지만 나쁘단 생각은 별로 안 들었구요 근데 다만 다닥다닥 붙어있어서 옆 테이블 하는 말이 다 들렸는데 볶음밥이 안나왔다고 혹시 주문 안들어갔으면 그냥 취소해달라 하니까 사장님은 지나가며 주문 들어갔다고 훽 가버리고 아주머님은 이제 들어갔다고 죄송하다고 하고 좀 웃겼네요 사장님 손님 말을 좀 들으세요,1
2,곱창 맛있어요,0
4,존맛탱입니다 한달에 3번감 3번 다 다른 사람이랑 갔는데 다 맛있다함 대창이 개고소함,1
2,"진심 최악.  기름 빠지는데가 없어, 아주머니가 같은 국자로 모든 테이블 기름을 뜨고 다님. 손님들 먹고 있는데 와서 중간중간 기름 떠냄. 코로나 시국이 아니더라도 위생관념 최악. 곱창도 기름이 심하게 많고 느끼함.",0
4,마법의 가루가 더해진 지글지글의 맛. 역시나 맛있다. 그런데 기름이 온 가게에 퍼져있어서 먹는 내내 미끌미끌한 기분.. 그래서 그런지 먹고나서 더 기름진 누낌. 깔끔한 가게 분위기는 아님. 하지만 맛은 인정.,1
2,위생관념 제로 직원분들 같은 집게 가위로 수십테이블 돌아다님. 앞치마 주머니에서 소독이라도 되는건가.. 매순간 손님들은 곱창 집어먹는중. 다 섞일텐데..,0
5,맛은 있지만 직원 실수를 손님한태 뭐라하면 어쩌라는건지,1
1,곱창 너무 맛있었어요~~! 양도 두명이서 모둠 딱 배부르게 먹음! 그리고 볶음밥이 진짜 최고!! 그리고 옆자리에 곱창 다 먹어놓고 얼마없을 때 볶음밥 먹기 직전에 곱창이 너무 질기다며 이모님께 먹어보라하고 말 꼬투리 잡으면서 시비 터는 개진상 손님 있었는데 끝까지 친절하게 응대하신거 인상 깊었어요 ㅜㅜ 곱창 하나도 안질겼는데.. 고생하시네요~!,0
5,정말 맛있다고 생각했는데 리뷰보고 떠올리니까 앞치마 주머니에서 가위 꺼내서 이 테이블 저 테이블 다 잘라주고 건더기 묻은 국자로 또 다 퍼주시고 다니는 거 역겹긴 하네요 그치만 맛있었어요 반찬 리필칸도 텅텅 비었고 바닥도 더러웠지만 나쁘단 생각은 별로 안 들었구요 근데 다만 다닥다닥 붙어있어서 옆 테이블 하는 말이 다 들렸는데 볶음밥이 안나왔다고 혹시 주문 안들어갔으면 그냥 취소해달라 하니까 사장님은 지나가며 주문 들어갔다고 훽 가버리고 아주머님은 이제 들어갔다고 죄송하다고 하고 좀 웃겼네요 사장님 손님 말을 좀 들으세요,1
2,곱창 맛있어요,0
4,존맛탱입니다 한달에 3번감 3번 다 다른 사람이랑 갔는데 다 맛있다함 대창이 개고소함,1
2,"진심 최악.  기름 빠지는데가 없어, 아주머니가 같은 국자로 모든 테이블 기름을 뜨고 다님. 손님들 먹고 있는데 와서 중간중간 기름 떠냄. 코로나 시국이 아니더라도 위생관념 최악. 곱창도 기름이 심하게 많고 느끼함.",0
4,마법의 가루가 더해진 지글지글의 맛. 역시나 맛있다. 그런데 기름이 온 가게에 퍼져있어서 먹는 내내 미끌미끌한 기분.. 그래서 그런지 먹고나서 더 기름진 누낌. 깔끔한 가게 분위기는 아님. 하지만 맛은 인정.,1
2,위생관념 제로 직원분들 같은 집게 가위로 수십테이블 돌아다님. 앞치마 주머니에서 소독이라도 되는건가.. 매순간 손님들은 곱창 집어먹는중. 다 섞일텐데..,0
5,맛은 있지만 직원 실수를 손님한태 뭐라하면 어쩌라는건지,1
6,,1
3,아 진짜...... 일단 양념같은것도 안 되어 있어서 너무너무 과하게 느끼해요 원래 곱창이 느끼하다지만 이건 좀...선넘음  글고 직원이 볶음밥 나중에 시켜도 된다해서 나중에 시켰는데 여사님이 왜 지금 시키냐는 식으로 눈치 줬어요 김가루도 말 하니까 그제서야 아맞다 하고 갖다 주시고.. 그냥 김치랑만 비벼 먹을 뻔 ㅠ 근디 볶음밥은 개존맛이라 1점 추가로 더 드립니다,0
5,여기 알바생 인지 직원인지 모르겠는데 교육 다시 시키세요;; 밥 다먹고 나갔다가 잠깐 화장실 급해서 다시 들어가서 잠깐 화장실 쓰려고 했는데 x발 마감 해야되는데  이러시면서 궁시렁되시고 일부러 다 들으라고 하는 것 처럼 하네요 ㅋㅋㅋㅋㅋㅋㅋ 진짜 뭐하자는건지 상당히 기분 나쁘네요 못 배운거 티좀 내지 마십쇼 모자라신건가 그냥…,1
3,곰창 개꿀맛 추천,0
4,,1
1,곱창 너무 맛있었어요~~! 양도 두명이서 모둠 딱 배부르게 먹음! 그리고 볶음밥이 진짜 최고!! 그리고 옆자리에 곱창 다 먹어놓고 얼마없을 때 볶음밥 먹기 직전에 곱창이 너무 질기다며 이모님께 먹어보라하고 말 꼬투리 잡으면서 시비 터는 개진상 손님 있었는데 끝까지 친절하게 응대하신거 인상 깊었어요 ㅜㅜ 곱창 하나도 안질겼는데.. 고생하시네요~!,0
5,정말 맛있다고 생각했는데 리뷰보고 떠올리니까 앞치마 주머니에서 가위 꺼내서 이 테이블 저 테이블 다 잘라주고 건더기 묻은 국자로 또 다 퍼주시고 다니는 거 역겹긴 하네요 그치만 맛있었어요 반찬 리필칸도 텅텅 비었고 바닥도 더러웠지만 나쁘단 생각은 별로 안 들었구요 근데 다만 다닥다닥 붙어있어서 옆 테이블 하는 말이 다 들렸는데 볶음밥이 안나왔다고 혹시 주문 안들어갔으면 그냥 취소해달라 하니까 사장님은 지나가며 주문 들어갔다고 훽 가버리고 아주머님은 이제 들어갔다고 죄송하다고 하고 좀 웃겼네요 사장님 손님 말을 좀 들으세요,1
2,곱창 맛있어요,0
4,존맛탱입니다 한달에 3번감 3번 다 다른 사람이랑 갔는데 다 맛있다함 대창이 개고소함,1
2,"진심 최악.  기름 빠지는데가 없어, 아주머니가 같은 국자로 모든 테이블 기름을 뜨고 다님. 손님들 먹고 있는데 와서 중간중간 기름 떠냄. 코로나 시국이 아니더라도 위생관념 최악. 곱창도 기름이 심하게 많고 느끼함.",0
4,마법의 가루가 더해진 지글지글의 맛. 역시나 맛있다. 그런데 기름이 온 가게에 퍼져있어서 먹는 내내 미끌미끌한 기분.. 그래서 그런지 먹고나서 더 기름진 누낌. 깔끔한 가게 분위기는 아님. 하지만 맛은 인정.,1
2,위생관념 제로 직원분들 같은 집게 가위로 수십테이블 돌아다님. 앞치마 주머니에서 소독이라도 되는건가.. 매순간 손님들은 곱창 집어먹는중. 다 섞일텐데..,0
5,맛은 있지만 직원 실수를 손님한태 뭐라하면 어쩌라는건지,1
6,,1
3,아 진짜...... 일단 양념같은것도 안 되어 있어서 너무너무 과하게 느끼해요 원래 곱창이 느끼하다지만 이건 좀...선넘음  글고 직원이 볶음밥 나중에 시켜도 된다해서 나중에 시켰는데 여사님이 왜 지금 시키냐는 식으로 눈치 줬어요 김가루도 말 하니까 그제서야 아맞다 하고 갖다 주시고.. 그냥 김치랑만 비벼 먹을 뻔 ㅠ 근디 볶음밥은 개존맛이라 1점 추가로 더 드립니다,0
5,여기 알바생 인지 직원인지 모르겠는데 교육 다시 시키세요;; 밥 다먹고 나갔다가 잠깐 화장실 급해서 다시 들어가서 잠깐 화장실 쓰려고 했는데 x발 마감 해야되는데  이러시면서 궁시렁되시고 일부러 다 들으라고 하는 것 처럼 하네요 ㅋㅋㅋㅋㅋㅋㅋ 진짜 뭐하자는건지 상당히 기분 나쁘네요 못 배운거 티좀 내지 마십쇼 모자라신건가 그냥…,1
3,곰창 개꿀맛 추천,0
4,,1
2,공기 엄청 탁함 여기 직원들 건강이 걱정될 정도로곱창은 신선한데 왤케 짠거임??두번시켰는데 처음 주문한건 괜찮았는데 두번째껀 소태임,0
2,"환기 하도 안시켜서 가자마자 후추뿌린거같은 매캐한 냄새에 기침,재채기가 계속나옴. 기름 안빠지는 판이라 진짜 겁나느끼함(이건 개인취향일수있음). 곱창집인데 밥떨어졌다고 30분 기다려도 볶음밥 없다그래서 나옴 ㅎ 최악",0
1,아는 동생한테 여기 말고 다른 곳으로 오라고 했는데 기어코 검색하면 이 가게가 제일 위에 뜬다고 여기로 오고 주문도 미리 시켰길래 어쩔 수 없이 먹음매뉴가 나오고 걱정은 현실이 됨너무 질김소주 한 잔에 한 입 먹다 도저히 질겨서 바로 뱉고 계산하고 나옴사람은 왜 이렇게 많은지 알 수 없음,0
3,줄서서 먹음. 맛있다. 둘이서 삼인분 시켰다. 가루 같은거 뿌려서 구우시는데 딱 맛있다. 분위기도 맛있다. 다만 직원 부르는 시스템이 없어서 벨 설치좀 해야 할듯.,0
4,맛있어요.. 곱창보다 대창을 선호하는데 여긴 곱창 곱이 쓰지않고 꽉 차있어서 맛있었어요. 부추에 곱창 기름이 스며들어서 부추랑 같이 먹으니까 더 맛있었습니다.근데 사람이 엄청 많은데 직원분들이 별로없어서 굽기를 잘 봐주시는 것 같진 않아요. 너무 바빠보여서 탄 부분 잘라내달라고 하는 것도 죄송스러운.. 직원분들 더 있어야할거같아요.,1
1,곱창 너무 맛있었어요~~! 양도 두명이서 모둠 딱 배부르게 먹음! 그리고 볶음밥이 진짜 최고!! 그리고 옆자리에 곱창 다 먹어놓고 얼마없을 때 볶음밥 먹기 직전에 곱창이 너무 질기다며 이모님께 먹어보라하고 말 꼬투리 잡으면서 시비 터는 개진상 손님 있었는데 끝까지 친절하게 응대하신거 인상 깊었어요 ㅜㅜ 곱창 하나도 안질겼는데.. 고생하시네요~!,0
5,정말 맛있다고 생각했는데 리뷰보고 떠올리니까 앞치마 주머니에서 가위 꺼내서 이 테이블 저 테이블 다 잘라주고 건더기 묻은 국자로 또 다 퍼주시고 다니는 거 역겹긴 하네요 그치만 맛있었어요 반찬 리필칸도 텅텅 비었고 바닥도 더러웠지만 나쁘단 생각은 별로 안 들었구요 근데 다만 다닥다닥 붙어있어서 옆 테이블 하는 말이 다 들렸는데 볶음밥이 안나왔다고 혹시 주문 안들어갔으면 그냥 취소해달라 하니까 사장님은 지나가며 주문 들어갔다고 훽 가버리고 아주머님은 이제 들어갔다고 죄송하다고 하고 좀 웃겼네요 사장님 손님 말을 좀 들으세요,1
2,곱창 맛있어요,0
4,존맛탱입니다 한달에 3번감 3번 다 다른 사람이랑 갔는데 다 맛있다함 대창이 개고소함,1
2,"진심 최악.  기름 빠지는데가 없어, 아주머니가 같은 국자로 모든 테이블 기름을 뜨고 다님. 손님들 먹고 있는데 와서 중간중간 기름 떠냄. 코로나 시국이 아니더라도 위생관념 최악. 곱창도 기름이 심하게 많고 느끼함.",0
4,마법의 가루가 더해진 지글지글의 맛. 역시나 맛있다. 그런데 기름이 온 가게에 퍼져있어서 먹는 내내 미끌미끌한 기분.. 그래서 그런지 먹고나서 더 기름진 누낌. 깔끔한 가게 분위기는 아님. 하지만 맛은 인정.,1
2,위생관념 제로 직원분들 같은 집게 가위로 수십테이블 돌아다님. 앞치마 주머니에서 소독이라도 되는건가.. 매순간 손님들은 곱창 집어먹는중. 다 섞일텐데..,0
5,맛은 있지만 직원 실수를 손님한태 뭐라하면 어쩌라는건지,1
6,,1
3,아 진짜...... 일단 양념같은것도 안 되어 있어서 너무너무 과하게 느끼해요 원래 곱창이 느끼하다지만 이건 좀...선넘음  글고 직원이 볶음밥 나중에 시켜도 된다해서 나중에 시켰는데 여사님이 왜 지금 시키냐는 식으로 눈치 줬어요 김가루도 말 하니까 그제서야 아맞다 하고 갖다 주시고.. 그냥 김치랑만 비벼 먹을 뻔 ㅠ 근디 볶음밥은 개존맛이라 1점 추가로 더 드립니다,0
5,여기 알바생 인지 직원인지 모르겠는데 교육 다시 시키세요;; 밥 다먹고 나갔다가 잠깐 화장실 급해서 다시 들어가서 잠깐 화장실 쓰려고 했는데 x발 마감 해야되는데  이러시면서 궁시렁되시고 일부러 다 들으라고 하는 것 처럼 하네요 ㅋㅋㅋㅋㅋㅋㅋ 진짜 뭐하자는건지 상당히 기분 나쁘네요 못 배운거 티좀 내지 마십쇼 모자라신건가 그냥…,1
3,곰창 개꿀맛 추천,0
4,,1
2,공기 엄청 탁함 여기 직원들 건강이 걱정될 정도로곱창은 신선한데 왤케 짠거임??두번시켰는데 처음 주문한건 괜찮았는데 두번째껀 소태임,0
2,"환기 하도 안시켜서 가자마자 후추뿌린거같은 매캐한 냄새에 기침,재채기가 계속나옴. 기름 안빠지는 판이라 진짜 겁나느끼함(이건 개인취향일수있음). 곱창집인데 밥떨어졌다고 30분 기다려도 볶음밥 없다그래서 나옴 ㅎ 최악",0
1,아는 동생한테 여기 말고 다른 곳으로 오라고 했는데 기어코 검색하면 이 가게가 제일 위에 뜬다고 여기로 오고 주문도 미리 시켰길래 어쩔 수 없이 먹음매뉴가 나오고 걱정은 현실이 됨너무 질김소주 한 잔에 한 입 먹다 도저히 질겨서 바로 뱉고 계산하고 나옴사람은 왜 이렇게 많은지 알 수 없음,0
3,줄서서 먹음. 맛있다. 둘이서 삼인분 시켰다. 가루 같은거 뿌려서 구우시는데 딱 맛있다. 분위기도 맛있다. 다만 직원 부르는 시스템이 없어서 벨 설치좀 해야 할듯.,0
4,맛있어요.. 곱창보다 대창을 선호하는데 여긴 곱창 곱이 쓰지않고 꽉 차있어서 맛있었어요. 부추에 곱창 기름이 스며들어서 부추랑 같이 먹으니까 더 맛있었습니다.근데 사람이 엄청 많은데 직원분들이 별로없어서 굽기를 잘 봐주시는 것 같진 않아요. 너무 바빠보여서 탄 부분 잘라내달라고 하는 것도 죄송스러운.. 직원분들 더 있어야할거같아요.,1
1,역시 맛집이라 대기가 많던데 오래 기다렸다고 음료서비스도 주시고 사장님넘감사했습니다. 아래 댓글에 서비스 불만글이 좀 있던데 바쁜만큼 이해할 수 있는정도였고 음식점이 맛있으면 됐죠. 큰 서비스 기대없이 방문하면 술한잔하기 최고입니다~,0
4,개인적으로 강남에서 괜찮다는 음식점이 몇 없다 생각하지만 여기만큼은 최고라 했는데… 최근 방문했을 때 큰 실망을 함. 신촌황소곱창 매장 중 여기 지점이 가장 맛있었으나 이젠 가장 별로인 곳으로 남게 됨. 어떻게 이렇게 질기고 맛이 변할 수 있는지… 맛이 변한건지 아님 내가 하필 상태 별로인 날 방문을 한 건지. 아쉽습니다.,1
3,아주머니가 처음부터 계속 손질해주시는데 타이밍 지나면 좀 타더라구요 손님 점점 많아지니까 테이블 신경 못써주심ㅠㅠ그래도 무난했어요,0
3,2번 갔는데 다 맛있었어요 주차도 돼서 편해요밑반찬도 괜찮은 편,0
2,귀찮아서 리뷰 안남기는 스타일인데 여긴 많이 실망이라 남겨요..2년전부터 강남에서 곱창 땡기면 여기갔는데 곱창이나 대창 둘다 갈수록 점점 질겨져서 먹기 힘들어짐. 이젠 절대 안가려함. 코로나로 힘드신지 직원분들 표정에 영혼도 없고 단체손님만 잘해주는 느낌? 기본으로 나오는 국은 깊은맛이 없고 맵기만 함. 볶음밥도 불판에 올리고 슥슥 대충 휘젓는게 다임. 이럴거면 손님한테 직접 볶으라고 하세요.,0
9,비싸긴 진짜 비싸네요치즈볶음밥 맛있어요 고기도 괜찮고 근데 넘비쌈,1
4,맛있어요 양도 많아 배부르게 먹을 수 있어요 다은에 또 올 것 같습니다,1
1,미리 룸을 예약하고 오면 조용한 분위기 속에 편하게 식사할 수 있어서 아주 좋아요! 맛도좋고 분위기도 좋지만..직원들이 불친절합니다; 참고하세용,0
9,비싸긴 진짜 비싸네요치즈볶음밥 맛있어요 고기도 괜찮고 근데 넘비쌈,1
4,맛있어요 양도 많아 배부르게 먹을 수 있어요 다은에 또 올 것 같습니다,1
1,미리 룸을 예약하고 오면 조용한 분위기 속에 편하게 식사할 수 있어서 아주 좋아요! 맛도좋고 분위기도 좋지만..직원들이 불친절합니다; 참고하세용,0
4,구워줘서 좋았고 맛있었어요,1
3,,0
3,구워주시는 건 좋은데 웨이팅이 오래 걸려요🥲그리고 말소리 울림 + 연기 자욱했어요크림 볶음밥은 정말 맛있었는데 국물 메뉴가 없어서 아쉽…,0
1,,0
3,친목모임,0
9,비싸긴 진짜 비싸네요치즈볶음밥 맛있어요 고기도 괜찮고 근데 넘비쌈,1
4,맛있어요 양도 많아 배부르게 먹을 수 있어요 다은에 또 올 것 같습니다,1
1,미리 룸을 예약하고 오면 조용한 분위기 속에 편하게 식사할 수 있어서 아주 좋아요! 맛도좋고 분위기도 좋지만..직원들이 불친절합니다; 참고하세용,0
4,구워줘서 좋았고 맛있었어요,1
3,,0
3,구워주시는 건 좋은데 웨이팅이 오래 걸려요🥲그리고 말소리 울림 + 연기 자욱했어요크림 볶음밥은 정말 맛있었는데 국물 메뉴가 없어서 아쉽…,0
1,,0
3,친목모임,0
4,,1
3,초벌되어 나온 삼겹살. 506시간 숙성육 이라고 해서 엄청난 육즙과 감칠맛을 기대했지만…그냥 고기였음 ㅠㅠ그나마 리조또 스타일의 크림 볶음밥은 괜찮음.별 매력 없음.,0
5,직원수가 좀 부족한것같아요.. 예전에 갔을땐 테이블관리도 잘됐던거같은데 고기 굽는것도 다른일 한참하다 오시고 굽기 문제인지 고기가 예전처럼 맛있지않네요..,1
3,브레이크타임은 말로만 브레이크 타임인듯연예인들 밥먹는거 자주 보네요,0
2,맛있어요,0
9,비싸긴 진짜 비싸네요치즈볶음밥 맛있어요 고기도 괜찮고 근데 넘비쌈,1
4,맛있어요 양도 많아 배부르게 먹을 수 있어요 다은에 또 올 것 같습니다,1
1,미리 룸을 예약하고 오면 조용한 분위기 속에 편하게 식사할 수 있어서 아주 좋아요! 맛도좋고 분위기도 좋지만..직원들이 불친절합니다; 참고하세용,0
4,구워줘서 좋았고 맛있었어요,1
3,,0
3,구워주시는 건 좋은데 웨이팅이 오래 걸려요🥲그리고 말소리 울림 + 연기 자욱했어요크림 볶음밥은 정말 맛있었는데 국물 메뉴가 없어서 아쉽…,0
1,,0
3,친목모임,0
4,,1
3,초벌되어 나온 삼겹살. 506시간 숙성육 이라고 해서 엄청난 육즙과 감칠맛을 기대했지만…그냥 고기였음 ㅠㅠ그나마 리조또 스타일의 크림 볶음밥은 괜찮음.별 매력 없음.,0
5,직원수가 좀 부족한것같아요.. 예전에 갔을땐 테이블관리도 잘됐던거같은데 고기 굽는것도 다른일 한참하다 오시고 굽기 문제인지 고기가 예전처럼 맛있지않네요..,1
3,브레이크타임은 말로만 브레이크 타임인듯연예인들 밥먹는거 자주 보네요,0
2,맛있어요,0
4,맛있어요. 찌개류가 먹고싶어지긴 하지만 참아야하는 곳,1
3,"좀 가격이 있지만 맛있고, 친절합니다^^(룸예약, 주차 가능)",0
5,,1
1,"고기도 맛있고, 크림 볶음밥이 진짜 맛있당ㅋㅋㅋ",0
5,시설 좋고 분위기 좋고 직원 서비스 좋다.결정적으로 고기맛이 별로인게 함정.,1
9,비싸긴 진짜 비싸네요치즈볶음밥 맛있어요 고기도 괜찮고 근데 넘비쌈,1
4,맛있어요 양도 많아 배부르게 먹을 수 있어요 다은에 또 올 것 같습니다,1
1,미리 룸을 예약하고 오면 조용한 분위기 속에 편하게 식사할 수 있어서 아주 좋아요! 맛도좋고 분위기도 좋지만..직원들이 불친절합니다; 참고하세용,0
4,구워줘서 좋았고 맛있었어요,1
3,,0
3,구워주시는 건 좋은데 웨이팅이 오래 걸려요🥲그리고 말소리 울림 + 연기 자욱했어요크림 볶음밥은 정말 맛있었는데 국물 메뉴가 없어서 아쉽…,0
1,,0
3,친목모임,0
4,,1
3,초벌되어 나온 삼겹살. 506시간 숙성육 이라고 해서 엄청난 육즙과 감칠맛을 기대했지만…그냥 고기였음 ㅠㅠ그나마 리조또 스타일의 크림 볶음밥은 괜찮음.별 매력 없음.,0
5,직원수가 좀 부족한것같아요.. 예전에 갔을땐 테이블관리도 잘됐던거같은데 고기 굽는것도 다른일 한참하다 오시고 굽기 문제인지 고기가 예전처럼 맛있지않네요..,1
3,브레이크타임은 말로만 브레이크 타임인듯연예인들 밥먹는거 자주 보네요,0
2,맛있어요,0
4,맛있어요. 찌개류가 먹고싶어지긴 하지만 참아야하는 곳,1
3,"좀 가격이 있지만 맛있고, 친절합니다^^(룸예약, 주차 가능)",0
5,,1
1,"고기도 맛있고, 크림 볶음밥이 진짜 맛있당ㅋㅋㅋ",0
5,시설 좋고 분위기 좋고 직원 서비스 좋다.결정적으로 고기맛이 별로인게 함정.,1
4,한번은 가볼만한집맛은 땅코가 낫다,1
3,가족식사하기 좋아요,0
2,맛있게 먹었어요,0
3,,0
8,삼겹살 쥬이시 하긴 한데 살코기 부분은 너무 퍽퍽하고 목살리 더 맛있는데 요즘 더 맛있는 목살 집도 많아서.. 크림 볶음밥도 그냥 그랬어요.,1
1,"됐소셋트먹음600그램에 9만원대면 소고기300그램,돼지300그램정도되는듯한데 셋트가성비괜찮음(강남이니)소고기는 원뿔은 되는듯하고.가위잘랐을때보니 상태도 좋음다만 룸이다보니 소주,맥주가6000원ㅜㅜ회식장소로괜찮음적당히술먹고,적당히고기,적당히후식하면 인당5.5만원정도",0
3,,0
9,,1
1,"됐소셋트먹음600그램에 9만원대면 소고기300그램,돼지300그램정도되는듯한데 셋트가성비괜찮음(강남이니)소고기는 원뿔은 되는듯하고.가위잘랐을때보니 상태도 좋음다만 룸이다보니 소주,맥주가6000원ㅜㅜ회식장소로괜찮음적당히술먹고,적당히고기,적당히후식하면 인당5.5만원정도",0
3,,0
9,,1
4,"회식하기좋은장소2층,3층구성엘베없음",1
1,적당히 맛나고 그냥 회식하기 좋음,0
5,,1
5,,1
3,"회식장소로 이용했었는데, 고기도 맛있고 가성비도 좋은거 같아요~ 5명이서 고기도 배부르게 먹었는데 30만원좀 넘게 나왔네요 주차공간은 좀 협소합니다.",0
1,"됐소셋트먹음600그램에 9만원대면 소고기300그램,돼지300그램정도되는듯한데 셋트가성비괜찮음(강남이니)소고기는 원뿔은 되는듯하고.가위잘랐을때보니 상태도 좋음다만 룸이다보니 소주,맥주가6000원ㅜㅜ회식장소로괜찮음적당히술먹고,적당히고기,적당히후식하면 인당5.5만원정도",0
3,,0
9,,1
4,"회식하기좋은장소2층,3층구성엘베없음",1
1,적당히 맛나고 그냥 회식하기 좋음,0
5,,1
5,,1
3,"회식장소로 이용했었는데, 고기도 맛있고 가성비도 좋은거 같아요~ 5명이서 고기도 배부르게 먹었는데 30만원좀 넘게 나왔네요 주차공간은 좀 협소합니다.",0
3,2019.01.14 사케투어,0
1,"됐소셋트먹음600그램에 9만원대면 소고기300그램,돼지300그램정도되는듯한데 셋트가성비괜찮음(강남이니)소고기는 원뿔은 되는듯하고.가위잘랐을때보니 상태도 좋음다만 룸이다보니 소주,맥주가6000원ㅜㅜ회식장소로괜찮음적당히술먹고,적당히고기,적당히후식하면 인당5.5만원정도",0
3,,0
9,,1
4,"회식하기좋은장소2층,3층구성엘베없음",1
1,적당히 맛나고 그냥 회식하기 좋음,0
5,,1
5,,1
3,"회식장소로 이용했었는데, 고기도 맛있고 가성비도 좋은거 같아요~ 5명이서 고기도 배부르게 먹었는데 30만원좀 넘게 나왔네요 주차공간은 좀 협소합니다.",0
3,2019.01.14 사케투어,0
1,"됐소셋트먹음600그램에 9만원대면 소고기300그램,돼지300그램정도되는듯한데 셋트가성비괜찮음(강남이니)소고기는 원뿔은 되는듯하고.가위잘랐을때보니 상태도 좋음다만 룸이다보니 소주,맥주가6000원ㅜㅜ회식장소로괜찮음적당히술먹고,적당히고기,적당히후식하면 인당5.5만원정도",0
3,,0
9,,1
4,"회식하기좋은장소2층,3층구성엘베없음",1
1,적당히 맛나고 그냥 회식하기 좋음,0
5,,1
5,,1
3,"회식장소로 이용했었는데, 고기도 맛있고 가성비도 좋은거 같아요~ 5명이서 고기도 배부르게 먹었는데 30만원좀 넘게 나왔네요 주차공간은 좀 협소합니다.",0
3,2019.01.14 사케투어,0
3,수입산이면 어떠하리 싸고 맛있으면 된 것을 껄껄,0
4,강남에서 이 가격에 냉삼과 술을 먹을 수 잇다는 것에 감사합니다ㅠ맛이 엄청 잇다고 보긴 어러우나 가격에 비해 꽤 합리적인 맛이에요돈까스나 육회는 생각보다 굳이 시켜야되나 싶지만 판이 달궈지는데 오래 걸려서 그전에 간단하게 술먹기 위해 두긴 좋은 것 같아요,1
2,죄다 수입산. 가격을 내려라,0
3,수입산이면 어떠하리 싸고 맛있으면 된 것을 껄껄,0
4,강남에서 이 가격에 냉삼과 술을 먹을 수 잇다는 것에 감사합니다ㅠ맛이 엄청 잇다고 보긴 어러우나 가격에 비해 꽤 합리적인 맛이에요돈까스나 육회는 생각보다 굳이 시켜야되나 싶지만 판이 달궈지는데 오래 걸려서 그전에 간단하게 술먹기 위해 두긴 좋은 것 같아요,1
2,죄다 수입산. 가격을 내려라,0
4,가성비좋아요,1
4,맛가성비 최강,1
1,맛있어요 가격 싼 만큼 셀프지만 분위기도 술먹고 밥먹고 고기먹기 좋은 곳이에요,0
5,가상비 좋고 고기 맛있음. 친절하고 고기구워주는 데 아님.,1
2,,0
3,수입산이면 어떠하리 싸고 맛있으면 된 것을 껄껄,0
4,강남에서 이 가격에 냉삼과 술을 먹을 수 잇다는 것에 감사합니다ㅠ맛이 엄청 잇다고 보긴 어러우나 가격에 비해 꽤 합리적인 맛이에요돈까스나 육회는 생각보다 굳이 시켜야되나 싶지만 판이 달궈지는데 오래 걸려서 그전에 간단하게 술먹기 위해 두긴 좋은 것 같아요,1
2,죄다 수입산. 가격을 내려라,0
4,가성비좋아요,1
4,맛가성비 최강,1
1,맛있어요 가격 싼 만큼 셀프지만 분위기도 술먹고 밥먹고 고기먹기 좋은 곳이에요,0
5,가상비 좋고 고기 맛있음. 친절하고 고기구워주는 데 아님.,1
2,,0
8,"진심으로 기분나쁘게 먹은곳사장이랑 직원은 턱스크 아니면 마스크 벗고 손님상대하며 음식만지고있지않나육회시켰더니 간은 안돼있고 육회깻잎노른자비빈맛이라 소스달라하니 소스는없다하고,,(그럼 기본간이라도 잘해주던가,, 아니면 손님 이렇게 드셔보세요 혹은 저희가 간을 세게 안하는 식당이라서요 , 라는 액션정도는 취하는게 맞다 생각함)손님들어올때 눈인사는커녕 큐알이요 한마디가 끝싼거찾아간게아니라 냉삼유명하다길래 갔는데진심으로,, 비추천이에요 정말정말가서 기분만 상하고 나왔어요 아무리 셀프인 식당이어도기본적으로 손님 테이블 어디앉아야하는지 번호만 띡 불러줄게아니라 최소한 위치라도 안내하고 우리 가게는 셀프라 ㅇㅇ는 저쪽에서 이용해주세요 하는 말 한마디는 있어야 하지 않나 싶네요.뭐 물어볼때마다 없어요 안돼요 아니요 셀프요이말만 반복,,ㅋㅋㅋㅋㅋ장사의 기본 마인드는 안돼있고 돈먹고 밥먹는 손님을 개똥만큼도 못하게 생각하고 하대하는 식당은 돈을 줘도 먹으러 가기 싫습니다.힘든 시기에 자영업자분들 고생많을게 뻔해서 이런 리뷰 단적도 없는데응대 최악중에 최악이라 리뷰 남겨요.가지마세요 어차피 1인분에 4천원대여도 두명 가면 삼인분시켜야됨.",1
3,냉삼. 싸 보이긴 해도 먹다보면 글쎄... 고기도 좀...,0
1,최악  아주머니 싸가지도 없고 냄새도 나고   개구림  스트레스 쌓여 나옴,0
4,"전반적으로 셀프 고깃집 스타일이라 처음가면 조금 정신없을 수도 있을 것 같다. 그러나 허름한 선술집, 동네 돼지갈비 맛집을 선호하는 사람이라면... 강남역 일대에서 이만한 집을 찾기 어렵다. 예전에는 웨이팅도 상당했다고 들었는데 지금은 바이러스 감염 때문에 그런 불편함도 없다.굳~이~ 아쉬운 점을 하나 꼽자면... 셀프 반찬바(?)에 놓인 개인접시 사이즈가 조금만 큰 것이 있으면 좋겠다 싶은 정도? 그 외에는 모두 만족스러웠다.개인적으로 웨이팅을 질색팔색하는 편이라... 바이러스가 물러나고 일상으로 돌아갔을때 웨이팅을 하면서까지 갈 생각은 없지만, 지금 상황에서만 보자면 (내 취향상) 강남역 최고의 맛집으로 꼽고싶다.",1
7,,1
3,수입산이면 어떠하리 싸고 맛있으면 된 것을 껄껄,0
4,강남에서 이 가격에 냉삼과 술을 먹을 수 잇다는 것에 감사합니다ㅠ맛이 엄청 잇다고 보긴 어러우나 가격에 비해 꽤 합리적인 맛이에요돈까스나 육회는 생각보다 굳이 시켜야되나 싶지만 판이 달궈지는데 오래 걸려서 그전에 간단하게 술먹기 위해 두긴 좋은 것 같아요,1
2,죄다 수입산. 가격을 내려라,0
4,가성비좋아요,1
4,맛가성비 최강,1
1,맛있어요 가격 싼 만큼 셀프지만 분위기도 술먹고 밥먹고 고기먹기 좋은 곳이에요,0
5,가상비 좋고 고기 맛있음. 친절하고 고기구워주는 데 아님.,1
2,,0
8,"진심으로 기분나쁘게 먹은곳사장이랑 직원은 턱스크 아니면 마스크 벗고 손님상대하며 음식만지고있지않나육회시켰더니 간은 안돼있고 육회깻잎노른자비빈맛이라 소스달라하니 소스는없다하고,,(그럼 기본간이라도 잘해주던가,, 아니면 손님 이렇게 드셔보세요 혹은 저희가 간을 세게 안하는 식당이라서요 , 라는 액션정도는 취하는게 맞다 생각함)손님들어올때 눈인사는커녕 큐알이요 한마디가 끝싼거찾아간게아니라 냉삼유명하다길래 갔는데진심으로,, 비추천이에요 정말정말가서 기분만 상하고 나왔어요 아무리 셀프인 식당이어도기본적으로 손님 테이블 어디앉아야하는지 번호만 띡 불러줄게아니라 최소한 위치라도 안내하고 우리 가게는 셀프라 ㅇㅇ는 저쪽에서 이용해주세요 하는 말 한마디는 있어야 하지 않나 싶네요.뭐 물어볼때마다 없어요 안돼요 아니요 셀프요이말만 반복,,ㅋㅋㅋㅋㅋ장사의 기본 마인드는 안돼있고 돈먹고 밥먹는 손님을 개똥만큼도 못하게 생각하고 하대하는 식당은 돈을 줘도 먹으러 가기 싫습니다.힘든 시기에 자영업자분들 고생많을게 뻔해서 이런 리뷰 단적도 없는데응대 최악중에 최악이라 리뷰 남겨요.가지마세요 어차피 1인분에 4천원대여도 두명 가면 삼인분시켜야됨.",1
3,냉삼. 싸 보이긴 해도 먹다보면 글쎄... 고기도 좀...,0
1,최악  아주머니 싸가지도 없고 냄새도 나고   개구림  스트레스 쌓여 나옴,0
4,"전반적으로 셀프 고깃집 스타일이라 처음가면 조금 정신없을 수도 있을 것 같다. 그러나 허름한 선술집, 동네 돼지갈비 맛집을 선호하는 사람이라면... 강남역 일대에서 이만한 집을 찾기 어렵다. 예전에는 웨이팅도 상당했다고 들었는데 지금은 바이러스 감염 때문에 그런 불편함도 없다.굳~이~ 아쉬운 점을 하나 꼽자면... 셀프 반찬바(?)에 놓인 개인접시 사이즈가 조금만 큰 것이 있으면 좋겠다 싶은 정도? 그 외에는 모두 만족스러웠다.개인적으로 웨이팅을 질색팔색하는 편이라... 바이러스가 물러나고 일상으로 돌아갔을때 웨이팅을 하면서까지 갈 생각은 없지만, 지금 상황에서만 보자면 (내 취향상) 강남역 최고의 맛집으로 꼽고싶다.",1
7,,1
3,,0
1,,0
4,,1
1,제가 가본 냉동삼겹살집중 원탑.호일 안쓰는게 가장 큰 장점. 냉동의 그 고유한 맛 굿입니다고사리가 특히 굿굿사장님은 친절하세요 알바들은 어딜가나 어쩔수없다고 생각함.제가 갔을 땐 다들 친절하셨음,0
4,고사리 부시고 싶을 때 갑니다. 돈가스도 좋아요.,1
3,수입산이면 어떠하리 싸고 맛있으면 된 것을 껄껄,0
4,강남에서 이 가격에 냉삼과 술을 먹을 수 잇다는 것에 감사합니다ㅠ맛이 엄청 잇다고 보긴 어러우나 가격에 비해 꽤 합리적인 맛이에요돈까스나 육회는 생각보다 굳이 시켜야되나 싶지만 판이 달궈지는데 오래 걸려서 그전에 간단하게 술먹기 위해 두긴 좋은 것 같아요,1
2,죄다 수입산. 가격을 내려라,0
4,가성비좋아요,1
4,맛가성비 최강,1
1,맛있어요 가격 싼 만큼 셀프지만 분위기도 술먹고 밥먹고 고기먹기 좋은 곳이에요,0
5,가상비 좋고 고기 맛있음. 친절하고 고기구워주는 데 아님.,1
2,,0
8,"진심으로 기분나쁘게 먹은곳사장이랑 직원은 턱스크 아니면 마스크 벗고 손님상대하며 음식만지고있지않나육회시켰더니 간은 안돼있고 육회깻잎노른자비빈맛이라 소스달라하니 소스는없다하고,,(그럼 기본간이라도 잘해주던가,, 아니면 손님 이렇게 드셔보세요 혹은 저희가 간을 세게 안하는 식당이라서요 , 라는 액션정도는 취하는게 맞다 생각함)손님들어올때 눈인사는커녕 큐알이요 한마디가 끝싼거찾아간게아니라 냉삼유명하다길래 갔는데진심으로,, 비추천이에요 정말정말가서 기분만 상하고 나왔어요 아무리 셀프인 식당이어도기본적으로 손님 테이블 어디앉아야하는지 번호만 띡 불러줄게아니라 최소한 위치라도 안내하고 우리 가게는 셀프라 ㅇㅇ는 저쪽에서 이용해주세요 하는 말 한마디는 있어야 하지 않나 싶네요.뭐 물어볼때마다 없어요 안돼요 아니요 셀프요이말만 반복,,ㅋㅋㅋㅋㅋ장사의 기본 마인드는 안돼있고 돈먹고 밥먹는 손님을 개똥만큼도 못하게 생각하고 하대하는 식당은 돈을 줘도 먹으러 가기 싫습니다.힘든 시기에 자영업자분들 고생많을게 뻔해서 이런 리뷰 단적도 없는데응대 최악중에 최악이라 리뷰 남겨요.가지마세요 어차피 1인분에 4천원대여도 두명 가면 삼인분시켜야됨.",1
3,냉삼. 싸 보이긴 해도 먹다보면 글쎄... 고기도 좀...,0
1,최악  아주머니 싸가지도 없고 냄새도 나고   개구림  스트레스 쌓여 나옴,0
4,"전반적으로 셀프 고깃집 스타일이라 처음가면 조금 정신없을 수도 있을 것 같다. 그러나 허름한 선술집, 동네 돼지갈비 맛집을 선호하는 사람이라면... 강남역 일대에서 이만한 집을 찾기 어렵다. 예전에는 웨이팅도 상당했다고 들었는데 지금은 바이러스 감염 때문에 그런 불편함도 없다.굳~이~ 아쉬운 점을 하나 꼽자면... 셀프 반찬바(?)에 놓인 개인접시 사이즈가 조금만 큰 것이 있으면 좋겠다 싶은 정도? 그 외에는 모두 만족스러웠다.개인적으로 웨이팅을 질색팔색하는 편이라... 바이러스가 물러나고 일상으로 돌아갔을때 웨이팅을 하면서까지 갈 생각은 없지만, 지금 상황에서만 보자면 (내 취향상) 강남역 최고의 맛집으로 꼽고싶다.",1
7,,1
3,,0
1,,0
4,,1
1,제가 가본 냉동삼겹살집중 원탑.호일 안쓰는게 가장 큰 장점. 냉동의 그 고유한 맛 굿입니다고사리가 특히 굿굿사장님은 친절하세요 알바들은 어딜가나 어쩔수없다고 생각함.제가 갔을 땐 다들 친절하셨음,0
4,고사리 부시고 싶을 때 갑니다. 돈가스도 좋아요.,1
1,저 왔을때는 직원분들 너무 친절하셧구용싼맛에 먹기좋은 고기같아요!!돼지냄새 예민하신분들께는 잡내가 좀 날수도있는데 1인분 4900원인거치곤 너무 맛잇게 먹었습니당~주전자 우동도 짱. 걍 음식들 다 싸고 양이 엄청많아요!,0
3,,0
2,사장인지 알바인지 모르겠는데 키180정도되고 안경안끼고 조끼패딩 입는 남자 진짜 ㅈㄴ 싸가지 없음 밥맛도 떨어질 정도임;; 진짜 가지마세요 돼지고기 3인분이상 주문해야하고 굳이 강남 변두리까지와서 먹을이유는 없다고 생각함 오지마세요,0
1,"가격에 딱 알맞은 맛. 가성비로는 나쁘지 않았으나 직원이 매우 불친절해요.값이 저렴하더라도 음식을 적게 시킨것도 아니고 고기 5인분에 밥, 찌개까지 주문했습니다. 가게에 들어가자마자 인사 없고, 테이블 안내 없고, 이용안내 없었습니다. 선주문, 밑반찬 및 수저는 셀프인거 미리 알고 가서 상관은 없었지만 이 정도 응대는 기본적인거라고 생각합니다. 주문을 하러 갔는데도 툭툭 던지시는 듯한 대답에 기분도 썩 좋지 않았습니다.결과적으론 강남권에서 저렴한 가격에 배부르고 맛도 나쁘지 않았으나 직원분들의 불친절한 응대 고치지 않으면 두번은 안갈것 같습니다. 차라리 돈 더 내더라도 직접 구워주고 손님 응대 친절한 고기집 갑니다.",0
1,,0
3,Q 밑에 평점 안 좋다가 갑자기 5 점 쭈우우욱 주는 사람들의 공통점은?,0
3,단점이라면 그릴링시스템이 일정하지 않다는것이네요직원분들에 따라서 그릴링 편차가 심합니다못하시는분은 강남에서 이 수준이라고? 할 정도로 태워주시네요,0
5,"고기도 너무 맛있고, 볶음밥도 너무 맛있었는데 서비스가 최악이었어요. 냉면을 시켰는데 주문오류가 있어서 안들어갔는데 죄송하다는 말도 한마디 없이 자기들끼리 깔깔거리면서 이야기하는 것부터 9시에 마감이여서 8시50분에 나가려고 일어나는데 옆에 치울꺼 준비 다하고 얼른 나가라는 듯이 안녕히가세요를 옷입고 있는 사람 옆에서 엄청 크게 소리치더라고요 최악의 서비스로 기억될것 같아요.",1
3,Q 밑에 평점 안 좋다가 갑자기 5 점 쭈우우욱 주는 사람들의 공통점은?,0
3,단점이라면 그릴링시스템이 일정하지 않다는것이네요직원분들에 따라서 그릴링 편차가 심합니다못하시는분은 강남에서 이 수준이라고? 할 정도로 태워주시네요,0
5,"고기도 너무 맛있고, 볶음밥도 너무 맛있었는데 서비스가 최악이었어요. 냉면을 시켰는데 주문오류가 있어서 안들어갔는데 죄송하다는 말도 한마디 없이 자기들끼리 깔깔거리면서 이야기하는 것부터 9시에 마감이여서 8시50분에 나가려고 일어나는데 옆에 치울꺼 준비 다하고 얼른 나가라는 듯이 안녕히가세요를 옷입고 있는 사람 옆에서 엄청 크게 소리치더라고요 최악의 서비스로 기억될것 같아요.",1
3,친절하심 맛도맛있어용♡♡,0
9,맛있어요♥,1
4,전화를 아예내려놓는듯합니다,1
3,,0
5,"유멍한 체인 고기집이라 기분좋게,왔는데 바쁜곳이라 그런가요??김치달라 3번 말해도  다른일만하고 고기 더안시키냐고 묻기나 하고 기분상한티,내니 10초만에 오네요곧 가져온다는 답을 하지 말든지 말했던 두분은 모두 눈앞에서 딴짓만 하네요 다른 테이블 치우고  있구  쳐다도 안보네요다신 이런곳 안옵니다 제글 삭제 하시겠지요?오늘만 열번 쓸생각입니다 삭제하면 곧 또 쓸랍니다",1
3,Q 밑에 평점 안 좋다가 갑자기 5 점 쭈우우욱 주는 사람들의 공통점은?,0
3,단점이라면 그릴링시스템이 일정하지 않다는것이네요직원분들에 따라서 그릴링 편차가 심합니다못하시는분은 강남에서 이 수준이라고? 할 정도로 태워주시네요,0
5,"고기도 너무 맛있고, 볶음밥도 너무 맛있었는데 서비스가 최악이었어요. 냉면을 시켰는데 주문오류가 있어서 안들어갔는데 죄송하다는 말도 한마디 없이 자기들끼리 깔깔거리면서 이야기하는 것부터 9시에 마감이여서 8시50분에 나가려고 일어나는데 옆에 치울꺼 준비 다하고 얼른 나가라는 듯이 안녕히가세요를 옷입고 있는 사람 옆에서 엄청 크게 소리치더라고요 최악의 서비스로 기억될것 같아요.",1
3,친절하심 맛도맛있어용♡♡,0
9,맛있어요♥,1
4,전화를 아예내려놓는듯합니다,1
3,,0
5,"유멍한 체인 고기집이라 기분좋게,왔는데 바쁜곳이라 그런가요??김치달라 3번 말해도  다른일만하고 고기 더안시키냐고 묻기나 하고 기분상한티,내니 10초만에 오네요곧 가져온다는 답을 하지 말든지 말했던 두분은 모두 눈앞에서 딴짓만 하네요 다른 테이블 치우고  있구  쳐다도 안보네요다신 이런곳 안옵니다 제글 삭제 하시겠지요?오늘만 열번 쓸생각입니다 삭제하면 곧 또 쓸랍니다",1
3,음식은 괜찮으나 시끄러워서 대화가 안됨.. 조용히 밥 먹기는 어려운 곳이에요.,0
3,고기 두툼하니 너무 좋았음. 찌개도 최고. 회식에도 딱인 듯,0
6,고기가 너무 부드러웠고 뭣보다 가게 분위기가 고급져서 기분 좋게 먹고 왔네요^-^ 볶음밥까지 배부르게 먹고 왔어요~,1
3,가게 진짜 고급져요ㅎㅎ 고기도 부드럽구 맛있습니다.,0
1,두툼한 고기 좋아하는데 완전 제스탈 ㅠㅠ 육즙 장난아니에여!!! 잘먹고갑니당,0
3,Q 밑에 평점 안 좋다가 갑자기 5 점 쭈우우욱 주는 사람들의 공통점은?,0
3,단점이라면 그릴링시스템이 일정하지 않다는것이네요직원분들에 따라서 그릴링 편차가 심합니다못하시는분은 강남에서 이 수준이라고? 할 정도로 태워주시네요,0
5,"고기도 너무 맛있고, 볶음밥도 너무 맛있었는데 서비스가 최악이었어요. 냉면을 시켰는데 주문오류가 있어서 안들어갔는데 죄송하다는 말도 한마디 없이 자기들끼리 깔깔거리면서 이야기하는 것부터 9시에 마감이여서 8시50분에 나가려고 일어나는데 옆에 치울꺼 준비 다하고 얼른 나가라는 듯이 안녕히가세요를 옷입고 있는 사람 옆에서 엄청 크게 소리치더라고요 최악의 서비스로 기억될것 같아요.",1
3,친절하심 맛도맛있어용♡♡,0
9,맛있어요♥,1
4,전화를 아예내려놓는듯합니다,1
3,,0
5,"유멍한 체인 고기집이라 기분좋게,왔는데 바쁜곳이라 그런가요??김치달라 3번 말해도  다른일만하고 고기 더안시키냐고 묻기나 하고 기분상한티,내니 10초만에 오네요곧 가져온다는 답을 하지 말든지 말했던 두분은 모두 눈앞에서 딴짓만 하네요 다른 테이블 치우고  있구  쳐다도 안보네요다신 이런곳 안옵니다 제글 삭제 하시겠지요?오늘만 열번 쓸생각입니다 삭제하면 곧 또 쓸랍니다",1
3,음식은 괜찮으나 시끄러워서 대화가 안됨.. 조용히 밥 먹기는 어려운 곳이에요.,0
3,고기 두툼하니 너무 좋았음. 찌개도 최고. 회식에도 딱인 듯,0
6,고기가 너무 부드러웠고 뭣보다 가게 분위기가 고급져서 기분 좋게 먹고 왔네요^-^ 볶음밥까지 배부르게 먹고 왔어요~,1
3,가게 진짜 고급져요ㅎㅎ 고기도 부드럽구 맛있습니다.,0
1,두툼한 고기 좋아하는데 완전 제스탈 ㅠㅠ 육즙 장난아니에여!!! 잘먹고갑니당,0
4,고기질도좋고 신선한거 같아요육즙짱 볶음밥도 볶아먹으니 맛나네요배부르게 먹었어요,1
2,실내 인테리어 깔끔하고 메뉴구성 너무 좋았어요 고기 퀄리티 너무 좋고 육즙 장난 아니네요 맛있게 잘 먹고 갑니다 ^^,0
3,고기가 고소하고 대박 맛집 찾은것 같아요!너무 맛있게 잘 먹은 맛집입니다,0
2,직원분들 친절하시고 음식도 깔끔하게잘나와용 고기육즙장난아니네용 완전대박임 또생각남^^,0
4,친구추천으로갔는데  진심후회없음 가성비갑 맛집추천추천,1
3,Q 밑에 평점 안 좋다가 갑자기 5 점 쭈우우욱 주는 사람들의 공통점은?,0
3,단점이라면 그릴링시스템이 일정하지 않다는것이네요직원분들에 따라서 그릴링 편차가 심합니다못하시는분은 강남에서 이 수준이라고? 할 정도로 태워주시네요,0
5,"고기도 너무 맛있고, 볶음밥도 너무 맛있었는데 서비스가 최악이었어요. 냉면을 시켰는데 주문오류가 있어서 안들어갔는데 죄송하다는 말도 한마디 없이 자기들끼리 깔깔거리면서 이야기하는 것부터 9시에 마감이여서 8시50분에 나가려고 일어나는데 옆에 치울꺼 준비 다하고 얼른 나가라는 듯이 안녕히가세요를 옷입고 있는 사람 옆에서 엄청 크게 소리치더라고요 최악의 서비스로 기억될것 같아요.",1
3,친절하심 맛도맛있어용♡♡,0
9,맛있어요♥,1
4,전화를 아예내려놓는듯합니다,1
3,,0
5,"유멍한 체인 고기집이라 기분좋게,왔는데 바쁜곳이라 그런가요??김치달라 3번 말해도  다른일만하고 고기 더안시키냐고 묻기나 하고 기분상한티,내니 10초만에 오네요곧 가져온다는 답을 하지 말든지 말했던 두분은 모두 눈앞에서 딴짓만 하네요 다른 테이블 치우고  있구  쳐다도 안보네요다신 이런곳 안옵니다 제글 삭제 하시겠지요?오늘만 열번 쓸생각입니다 삭제하면 곧 또 쓸랍니다",1
3,음식은 괜찮으나 시끄러워서 대화가 안됨.. 조용히 밥 먹기는 어려운 곳이에요.,0
3,고기 두툼하니 너무 좋았음. 찌개도 최고. 회식에도 딱인 듯,0
6,고기가 너무 부드러웠고 뭣보다 가게 분위기가 고급져서 기분 좋게 먹고 왔네요^-^ 볶음밥까지 배부르게 먹고 왔어요~,1
3,가게 진짜 고급져요ㅎㅎ 고기도 부드럽구 맛있습니다.,0
1,두툼한 고기 좋아하는데 완전 제스탈 ㅠㅠ 육즙 장난아니에여!!! 잘먹고갑니당,0
4,고기질도좋고 신선한거 같아요육즙짱 볶음밥도 볶아먹으니 맛나네요배부르게 먹었어요,1
2,실내 인테리어 깔끔하고 메뉴구성 너무 좋았어요 고기 퀄리티 너무 좋고 육즙 장난 아니네요 맛있게 잘 먹고 갑니다 ^^,0
3,고기가 고소하고 대박 맛집 찾은것 같아요!너무 맛있게 잘 먹은 맛집입니다,0
2,직원분들 친절하시고 음식도 깔끔하게잘나와용 고기육즙장난아니네용 완전대박임 또생각남^^,0
4,친구추천으로갔는데  진심후회없음 가성비갑 맛집추천추천,1
8,고기가 두툼하니 너무 맛나요 겉바속촉 하네요 김치찌개에도 돼지고기가 엄청 들어가있어서 너무 맛있어요 굳굳굳굳굳,1
4,고기가 엄청 두툼한데 너무 부드러워요!!! 딱 씹었을때 육즙이 촤르르 퍼지네요ㅠㅜ,1
1,일단 처음 먹어보는데 고기 맛있네요두툼하니 고기에서 육즙이 좔좔~~가격도 저렴하고 양도 많아서배불리 먹고 갑니다~반찬도 깨끗하게 잘 나오네용^^,0
5,너무 맛있어요 ! 직원분들도 친절하셔서 다음에 또 오고싶어요 ㅎㅎ,1
2,분위기가 고급스럽고 가격도 저렴한편이었고 고기도 두툼하고 부드러워요 철판볶음밥도 진짜 꿀맛 재방문 할것같네요~,0
3,삼겹살 목살 진짜 쫄깃쫄깃 맛있어요! 목살 다른 집은 (특히 여기 밑에 집) 퍽퍽 그 자첸데 ㅋㅋㅋㅋ 여기는 어떻게 이렇게 부드럽고 맛있는지.. 밑에 집 대기 없는 이유가 있네요. 강남이라 살짝 비싸지만 재방문 했는데도 만족. 냉면? 비추 볶음밥 계속 땡기는 맛인데 양이 적음반찬이랑 홍합탕? 평타 정도하고 고기 숙성은 안 시키는지 아주 살짝 비린내가 있어요.,0
3,여러분 목살이요 목살다른거 말고 목살이오 제발,0
6,남알바 싸가지 ㅎ,1
3,삼겹살 목살 진짜 쫄깃쫄깃 맛있어요! 목살 다른 집은 (특히 여기 밑에 집) 퍽퍽 그 자첸데 ㅋㅋㅋㅋ 여기는 어떻게 이렇게 부드럽고 맛있는지.. 밑에 집 대기 없는 이유가 있네요. 강남이라 살짝 비싸지만 재방문 했는데도 만족. 냉면? 비추 볶음밥 계속 땡기는 맛인데 양이 적음반찬이랑 홍합탕? 평타 정도하고 고기 숙성은 안 시키는지 아주 살짝 비린내가 있어요.,0
3,여러분 목살이요 목살다른거 말고 목살이오 제발,0
6,남알바 싸가지 ㅎ,1
5,고기 양도 많고 너무 맛있어요 ㅎ후식들 다맛있어요 해물라면 냉면! 직원들이 고기 직접 다꾸워주시고 친절하세요이베리코 목살 최고,1
5,고기 양이 그냥 ㅋㅋㅋ너무 적음 ㅋㅋㅋㅋ 싼편도 아닌데..직원들 불친절함 볶음밥 먹을만함,1
2,토요일 점심에 갔었는데 사장님 알바직원분 다 친절하시고서비스도 너무 좋았습니다~ !!또 갈게요~,0
1,맛있는데 고기맛이 좀.. 알바생 타요,0
2,삼겹살이랑 항정살 먹었는데 맛은 다른 고기집하고 비슷했다..양도 좀 적은 편..직접 구워주시는데 바빠서 그런지 좀 태움..여기는 꽃게라면이 제일 맛있다ㅋㅋㅋ고기 먹고 느끼한게 싹 가시는 느낌!!,0
3,삼겹살 목살 진짜 쫄깃쫄깃 맛있어요! 목살 다른 집은 (특히 여기 밑에 집) 퍽퍽 그 자첸데 ㅋㅋㅋㅋ 여기는 어떻게 이렇게 부드럽고 맛있는지.. 밑에 집 대기 없는 이유가 있네요. 강남이라 살짝 비싸지만 재방문 했는데도 만족. 냉면? 비추 볶음밥 계속 땡기는 맛인데 양이 적음반찬이랑 홍합탕? 평타 정도하고 고기 숙성은 안 시키는지 아주 살짝 비린내가 있어요.,0
3,여러분 목살이요 목살다른거 말고 목살이오 제발,0
6,남알바 싸가지 ㅎ,1
5,고기 양도 많고 너무 맛있어요 ㅎ후식들 다맛있어요 해물라면 냉면! 직원들이 고기 직접 다꾸워주시고 친절하세요이베리코 목살 최고,1
5,고기 양이 그냥 ㅋㅋㅋ너무 적음 ㅋㅋㅋㅋ 싼편도 아닌데..직원들 불친절함 볶음밥 먹을만함,1
2,토요일 점심에 갔었는데 사장님 알바직원분 다 친절하시고서비스도 너무 좋았습니다~ !!또 갈게요~,0
1,맛있는데 고기맛이 좀.. 알바생 타요,0
2,삼겹살이랑 항정살 먹었는데 맛은 다른 고기집하고 비슷했다..양도 좀 적은 편..직접 구워주시는데 바빠서 그런지 좀 태움..여기는 꽃게라면이 제일 맛있다ㅋㅋㅋ고기 먹고 느끼한게 싹 가시는 느낌!!,0
6,고기는 맛있긴 한데.. 여자끼리 온 테이블에만 친절한 직원분은 참 이상함.. 그리구 웨이팅 너무 길어서 다시 안 갈 듯,1
3,,0
3,맛있는데 양 적고 알바생들 불친절함직접 구워주고 반찬 잘 나와서 그나마 4점 줌,0
2,,0
8,직접 구워줘서 좋고 맛도 있어요여자 직원은 불친절해요그래도 맛있으니 5점이에요,1
3,삼겹살 목살 진짜 쫄깃쫄깃 맛있어요! 목살 다른 집은 (특히 여기 밑에 집) 퍽퍽 그 자첸데 ㅋㅋㅋㅋ 여기는 어떻게 이렇게 부드럽고 맛있는지.. 밑에 집 대기 없는 이유가 있네요. 강남이라 살짝 비싸지만 재방문 했는데도 만족. 냉면? 비추 볶음밥 계속 땡기는 맛인데 양이 적음반찬이랑 홍합탕? 평타 정도하고 고기 숙성은 안 시키는지 아주 살짝 비린내가 있어요.,0
3,여러분 목살이요 목살다른거 말고 목살이오 제발,0
6,남알바 싸가지 ㅎ,1
5,고기 양도 많고 너무 맛있어요 ㅎ후식들 다맛있어요 해물라면 냉면! 직원들이 고기 직접 다꾸워주시고 친절하세요이베리코 목살 최고,1
5,고기 양이 그냥 ㅋㅋㅋ너무 적음 ㅋㅋㅋㅋ 싼편도 아닌데..직원들 불친절함 볶음밥 먹을만함,1
2,토요일 점심에 갔었는데 사장님 알바직원분 다 친절하시고서비스도 너무 좋았습니다~ !!또 갈게요~,0
1,맛있는데 고기맛이 좀.. 알바생 타요,0
2,삼겹살이랑 항정살 먹었는데 맛은 다른 고기집하고 비슷했다..양도 좀 적은 편..직접 구워주시는데 바빠서 그런지 좀 태움..여기는 꽃게라면이 제일 맛있다ㅋㅋㅋ고기 먹고 느끼한게 싹 가시는 느낌!!,0
6,고기는 맛있긴 한데.. 여자끼리 온 테이블에만 친절한 직원분은 참 이상함.. 그리구 웨이팅 너무 길어서 다시 안 갈 듯,1
3,,0
3,맛있는데 양 적고 알바생들 불친절함직접 구워주고 반찬 잘 나와서 그나마 4점 줌,0
2,,0
8,직접 구워줘서 좋고 맛도 있어요여자 직원은 불친절해요그래도 맛있으니 5점이에요,1
3,맛있는 고기집,0
7,고기 맛있어요 잘 구워주시고 밑반찬도 좋아요 조금 비싸기는 한데 구워주는 값이랑 머... 찌개가 다른 된장찌개 같은 것보다 맛있어서 대충 그값이라고 생각하면 괜찮 여자 둘이서 고기 4인분에 맥주2 소주1 냉면 먹으니까 배불러요,1
2,,0
1,"고기 진짜 잘구워주시고,직원분들 친절하세요(바쁠땐 모르겠지만 난 하가할 때 감)너무 맛있어요 ♡♡♡♡♡",0
3,목살 개맛있음가성비는 안 좋음,0
3,삼겹살 목살 진짜 쫄깃쫄깃 맛있어요! 목살 다른 집은 (특히 여기 밑에 집) 퍽퍽 그 자첸데 ㅋㅋㅋㅋ 여기는 어떻게 이렇게 부드럽고 맛있는지.. 밑에 집 대기 없는 이유가 있네요. 강남이라 살짝 비싸지만 재방문 했는데도 만족. 냉면? 비추 볶음밥 계속 땡기는 맛인데 양이 적음반찬이랑 홍합탕? 평타 정도하고 고기 숙성은 안 시키는지 아주 살짝 비린내가 있어요.,0
3,여러분 목살이요 목살다른거 말고 목살이오 제발,0
6,남알바 싸가지 ㅎ,1
5,고기 양도 많고 너무 맛있어요 ㅎ후식들 다맛있어요 해물라면 냉면! 직원들이 고기 직접 다꾸워주시고 친절하세요이베리코 목살 최고,1
5,고기 양이 그냥 ㅋㅋㅋ너무 적음 ㅋㅋㅋㅋ 싼편도 아닌데..직원들 불친절함 볶음밥 먹을만함,1
2,토요일 점심에 갔었는데 사장님 알바직원분 다 친절하시고서비스도 너무 좋았습니다~ !!또 갈게요~,0
1,맛있는데 고기맛이 좀.. 알바생 타요,0
2,삼겹살이랑 항정살 먹었는데 맛은 다른 고기집하고 비슷했다..양도 좀 적은 편..직접 구워주시는데 바빠서 그런지 좀 태움..여기는 꽃게라면이 제일 맛있다ㅋㅋㅋ고기 먹고 느끼한게 싹 가시는 느낌!!,0
6,고기는 맛있긴 한데.. 여자끼리 온 테이블에만 친절한 직원분은 참 이상함.. 그리구 웨이팅 너무 길어서 다시 안 갈 듯,1
3,,0
3,맛있는데 양 적고 알바생들 불친절함직접 구워주고 반찬 잘 나와서 그나마 4점 줌,0
2,,0
8,직접 구워줘서 좋고 맛도 있어요여자 직원은 불친절해요그래도 맛있으니 5점이에요,1
3,맛있는 고기집,0
7,고기 맛있어요 잘 구워주시고 밑반찬도 좋아요 조금 비싸기는 한데 구워주는 값이랑 머... 찌개가 다른 된장찌개 같은 것보다 맛있어서 대충 그값이라고 생각하면 괜찮 여자 둘이서 고기 4인분에 맥주2 소주1 냉면 먹으니까 배불러요,1
2,,0
1,"고기 진짜 잘구워주시고,직원분들 친절하세요(바쁠땐 모르겠지만 난 하가할 때 감)너무 맛있어요 ♡♡♡♡♡",0
3,목살 개맛있음가성비는 안 좋음,0
3,,0
3,고긴 맛있는데 양이 쥐오줌만하고 일단 검은색 옷 입으신분이 너무 불친절해서 화날정도^^ 그리고 볶음밥 1인분 시켰는데 원래 반공기라고 말도 안되는 소리하는데 맛도 개짬 손님 불편하게 하는 식당 첨임,0
2,"고기는 정말 맛있었고 여자 알바생분들 너무 친절하셔서 좋았어요 ㅎㅎ 하지만 남자직원분, 삼겹2인분 시켰는데 목살 2인분으로 잘못나와서 말씀드렸더니 죄송하단 말도 안하고 훽 가져가버리시고 ,,, 고기도 구워주시다가 나중엔 저희가 구워먹었습니다 ㅎ 볶음밥을 추가로 2개 시켰는데 하도 안나오길래 주문이 들어갔냐고 여쭤봤더니 한참을 안오시는,, 다시 불러서 안들어갔으면 그냥 취소해달라고 말했더니 훽 취소해버리시는게 맞는건가요,,? 즐겁게 밥 먹으러 갔다가 기분만 나빠졌습니다 ㅎㅎ",0
3,여기는진짜 고기에진심인곳 인생돼지목살집,0
2,맛은 있으나 양이 쥐 오줌만 함,0
8,삼겹살 너무 맛있고 점원님께서 친절했어요!,1
3,맛있긴한데 가성비가..,0
4,바쁘신 와중에도 들러서 고기 뒤집어주시고 친절하셨어요!만족스럽게 먹고 갔습니당고기는 당연히 마싯지만 떡 꿀맛...,1
8,삼겹살 너무 맛있고 점원님께서 친절했어요!,1
3,맛있긴한데 가성비가..,0
4,바쁘신 와중에도 들러서 고기 뒤집어주시고 친절하셨어요!만족스럽게 먹고 갔습니당고기는 당연히 마싯지만 떡 꿀맛...,1
8,삼겹살 너무 맛있고 점원님께서 친절했어요!,1
3,맛있긴한데 가성비가..,0
4,바쁘신 와중에도 들러서 고기 뒤집어주시고 친절하셨어요!만족스럽게 먹고 갔습니당고기는 당연히 마싯지만 떡 꿀맛...,1
4,바쁜 분위기에서도 메뉴 놓치지 않고 다 갖다 주세요.꽤나 친절하시고 고기랑 떡 명이나물 김치칼국수 맛있음,1
3,늦은 시간 갈 때 없어서 갔는데 자리 많은데도잠깐 기다리라면서 세워두다가자기네들 치우기 편하려고 그러는지널널한 자리말고 사람들 모여있는 자리로 감그리고 전체적으로 바빠보이지도 않았는데뭐그리 분주한지... 벨 눌러도 고장 났는지 울리지도 않고주문해도 되냐니까 잠깐만 기다리라는 말은 세 번은 들은듯고기양 적은 건 뭐 강남이니까 그렇다쳐도서비스 정신 바닥임1점도 아까움,0
3,예전 일하시던 분들 어디갔나요.. 사장 바뀐 듯..,0
6,"팩트만 말씀드립니다. 월요일 저녁에 방문했습니다.1. 들어가자마자 정말 일하기 싫어하는 표정으로 응대해주십니다.2. 먹는 방법 일절 설명 안 해주십니다.3. 고기 불판에 올려서 가위질 해주고 나머지는 알아서 구워 드셔야 합니다.* 교대 이층집에서 거의 처음부터 끝까지 직접 고기를 구워 먹은 적이 처음인지라 직원 두 분에게 직접 구워 먹는 곳이냐고 여쭤봤습니다. 한 분은 “네.”  - 고기 뒤집어주면서 대답하셨습니다.(?)한 분은 “코로나 이후로 잘 안 구워준다(?)” 는 식으로 말씀하셨습니다.코로나 이후로 여러 교대 이층집만 10번을 넘게 갔으나, 여기 지점만 방침이 그런진 모르겠습니다.다른 6인 테이블은 좀 자주 가서 구워주시더군요.이도 저도 아닌 서비스면 차라리 안 하시는 게 나을 것 같습니다.일하기 싫어하시는 표정과 태도의 종업원분들에게 불판에 고기 올려주고가위질 몇 번 해주고지나다니면서 고기 한 두번 휘적거려주는서비스를 받고 싶으신 분은 여기로 가셔서 식사하세요.",1
3,고기 밑반찬 다별로 그리고 댓글알바 티남,0
8,삼겹살 너무 맛있고 점원님께서 친절했어요!,1
3,맛있긴한데 가성비가..,0
4,바쁘신 와중에도 들러서 고기 뒤집어주시고 친절하셨어요!만족스럽게 먹고 갔습니당고기는 당연히 마싯지만 떡 꿀맛...,1
4,바쁜 분위기에서도 메뉴 놓치지 않고 다 갖다 주세요.꽤나 친절하시고 고기랑 떡 명이나물 김치칼국수 맛있음,1
3,늦은 시간 갈 때 없어서 갔는데 자리 많은데도잠깐 기다리라면서 세워두다가자기네들 치우기 편하려고 그러는지널널한 자리말고 사람들 모여있는 자리로 감그리고 전체적으로 바빠보이지도 않았는데뭐그리 분주한지... 벨 눌러도 고장 났는지 울리지도 않고주문해도 되냐니까 잠깐만 기다리라는 말은 세 번은 들은듯고기양 적은 건 뭐 강남이니까 그렇다쳐도서비스 정신 바닥임1점도 아까움,0
3,예전 일하시던 분들 어디갔나요.. 사장 바뀐 듯..,0
6,"팩트만 말씀드립니다. 월요일 저녁에 방문했습니다.1. 들어가자마자 정말 일하기 싫어하는 표정으로 응대해주십니다.2. 먹는 방법 일절 설명 안 해주십니다.3. 고기 불판에 올려서 가위질 해주고 나머지는 알아서 구워 드셔야 합니다.* 교대 이층집에서 거의 처음부터 끝까지 직접 고기를 구워 먹은 적이 처음인지라 직원 두 분에게 직접 구워 먹는 곳이냐고 여쭤봤습니다. 한 분은 “네.”  - 고기 뒤집어주면서 대답하셨습니다.(?)한 분은 “코로나 이후로 잘 안 구워준다(?)” 는 식으로 말씀하셨습니다.코로나 이후로 여러 교대 이층집만 10번을 넘게 갔으나, 여기 지점만 방침이 그런진 모르겠습니다.다른 6인 테이블은 좀 자주 가서 구워주시더군요.이도 저도 아닌 서비스면 차라리 안 하시는 게 나을 것 같습니다.일하기 싫어하시는 표정과 태도의 종업원분들에게 불판에 고기 올려주고가위질 몇 번 해주고지나다니면서 고기 한 두번 휘적거려주는서비스를 받고 싶으신 분은 여기로 가셔서 식사하세요.",1
3,고기 밑반찬 다별로 그리고 댓글알바 티남,0
3,불친절하고 배추김치가 없습니다찍어먹을 마땅한 소스도 없고..무료로 주는 해물탕? 탕이라하기도 좀 그런데..ㅋ 칼국수 (8000원)인데 무료로 줬던 해물탕에 사리만 넣어 주시더라구요? 그럴거면 사리 추가 값만 받던가..가격대비 별로입니다. 매우 별로ㅠ,0
2,최악입니다. 일단 직원이 싸가지가 정말 없고요. 저희가 뭘 잘못했나 싶을 정도였습니다. 보통 매장 처음 오면 '저희 매장 이용해본 적 있으세요?' 라고 응대하고 메뉴 소개와 셀프바 이용 등을 안내하는데 하나도 없었고요. 고기 메뉴와 탕 메뉴 외엔 표기도 안 되어 있었고 저 멀리 벽면에 조그맣게 붙여놓고 메뉴에 관해 물어보니까 건성건성 지 멋대로 대답하더군요. 뒤에 '습니다' 만 붙인다고 해서 친절하고 공손한 말투가 되는 게 아닙니다.. 말 끝나기도 전에 습니다~ 습니다~ 이러면 기분이 좋겠냐구요.. 참고로 꽃삼겹 진짜 맛없습니다. 절대 먹지 마세요. 그냥 싸구려 고기 얼렸다가 대패처럼 얇게 썰었는데 대패삼겹살 사먹는게 훨씬 이득입니다. 지금 사진상 보이는게 310g입니다... 가지마세요.. 저거 먹고 53000원 나온 게 어이없습니다...^^,0
1,알바생이 일을 엄청 열심히 합니다!고기맛은 별로였습니다,0
3,하…진짜 평점 믿고 갔는데…꽃삼겹이 뭔가 했더니 냉동삼겹 얇게 썬거 였네요….통삼겹도 느끼하기만하고..같이 구워주는 떡이 제일 맛있었어요. 이걸먹고 이돈을 썼다는게 너무 화가나서 리뷰남깁니다. 차라리 근처에 있는 두껍삼 가세요. 삼육가 갈걸 신논현까지 걸어가기가 귀찮아서 여기 평점보고 갔다가 땅을 치고 후회했어요..가격차이도 얼마 안나는데 퀄리티 차이가 너무 심하네요. 최근에 갔던 고기집 중 정말 최악이었습니다.,0
2,"직원분이 너무너무 친절하시고 좋았어요!고기도 다 구워주시고 잘라주시고꿀맛 조합도 알려주셔서 정말 맛있게 먹고왔네요시험 끝나고 꼭 다시 갈게요!!!!!!!!!!!밑반찬도, 고기도 진짜 맛있었습니다ㅜㅜ",0
8,삼겹살 너무 맛있고 점원님께서 친절했어요!,1
3,맛있긴한데 가성비가..,0
4,바쁘신 와중에도 들러서 고기 뒤집어주시고 친절하셨어요!만족스럽게 먹고 갔습니당고기는 당연히 마싯지만 떡 꿀맛...,1
4,바쁜 분위기에서도 메뉴 놓치지 않고 다 갖다 주세요.꽤나 친절하시고 고기랑 떡 명이나물 김치칼국수 맛있음,1
3,늦은 시간 갈 때 없어서 갔는데 자리 많은데도잠깐 기다리라면서 세워두다가자기네들 치우기 편하려고 그러는지널널한 자리말고 사람들 모여있는 자리로 감그리고 전체적으로 바빠보이지도 않았는데뭐그리 분주한지... 벨 눌러도 고장 났는지 울리지도 않고주문해도 되냐니까 잠깐만 기다리라는 말은 세 번은 들은듯고기양 적은 건 뭐 강남이니까 그렇다쳐도서비스 정신 바닥임1점도 아까움,0
3,예전 일하시던 분들 어디갔나요.. 사장 바뀐 듯..,0
6,"팩트만 말씀드립니다. 월요일 저녁에 방문했습니다.1. 들어가자마자 정말 일하기 싫어하는 표정으로 응대해주십니다.2. 먹는 방법 일절 설명 안 해주십니다.3. 고기 불판에 올려서 가위질 해주고 나머지는 알아서 구워 드셔야 합니다.* 교대 이층집에서 거의 처음부터 끝까지 직접 고기를 구워 먹은 적이 처음인지라 직원 두 분에게 직접 구워 먹는 곳이냐고 여쭤봤습니다. 한 분은 “네.”  - 고기 뒤집어주면서 대답하셨습니다.(?)한 분은 “코로나 이후로 잘 안 구워준다(?)” 는 식으로 말씀하셨습니다.코로나 이후로 여러 교대 이층집만 10번을 넘게 갔으나, 여기 지점만 방침이 그런진 모르겠습니다.다른 6인 테이블은 좀 자주 가서 구워주시더군요.이도 저도 아닌 서비스면 차라리 안 하시는 게 나을 것 같습니다.일하기 싫어하시는 표정과 태도의 종업원분들에게 불판에 고기 올려주고가위질 몇 번 해주고지나다니면서 고기 한 두번 휘적거려주는서비스를 받고 싶으신 분은 여기로 가셔서 식사하세요.",1
3,고기 밑반찬 다별로 그리고 댓글알바 티남,0
3,불친절하고 배추김치가 없습니다찍어먹을 마땅한 소스도 없고..무료로 주는 해물탕? 탕이라하기도 좀 그런데..ㅋ 칼국수 (8000원)인데 무료로 줬던 해물탕에 사리만 넣어 주시더라구요? 그럴거면 사리 추가 값만 받던가..가격대비 별로입니다. 매우 별로ㅠ,0
2,최악입니다. 일단 직원이 싸가지가 정말 없고요. 저희가 뭘 잘못했나 싶을 정도였습니다. 보통 매장 처음 오면 '저희 매장 이용해본 적 있으세요?' 라고 응대하고 메뉴 소개와 셀프바 이용 등을 안내하는데 하나도 없었고요. 고기 메뉴와 탕 메뉴 외엔 표기도 안 되어 있었고 저 멀리 벽면에 조그맣게 붙여놓고 메뉴에 관해 물어보니까 건성건성 지 멋대로 대답하더군요. 뒤에 '습니다' 만 붙인다고 해서 친절하고 공손한 말투가 되는 게 아닙니다.. 말 끝나기도 전에 습니다~ 습니다~ 이러면 기분이 좋겠냐구요.. 참고로 꽃삼겹 진짜 맛없습니다. 절대 먹지 마세요. 그냥 싸구려 고기 얼렸다가 대패처럼 얇게 썰었는데 대패삼겹살 사먹는게 훨씬 이득입니다. 지금 사진상 보이는게 310g입니다... 가지마세요.. 저거 먹고 53000원 나온 게 어이없습니다...^^,0
1,알바생이 일을 엄청 열심히 합니다!고기맛은 별로였습니다,0
3,하…진짜 평점 믿고 갔는데…꽃삼겹이 뭔가 했더니 냉동삼겹 얇게 썬거 였네요….통삼겹도 느끼하기만하고..같이 구워주는 떡이 제일 맛있었어요. 이걸먹고 이돈을 썼다는게 너무 화가나서 리뷰남깁니다. 차라리 근처에 있는 두껍삼 가세요. 삼육가 갈걸 신논현까지 걸어가기가 귀찮아서 여기 평점보고 갔다가 땅을 치고 후회했어요..가격차이도 얼마 안나는데 퀄리티 차이가 너무 심하네요. 최근에 갔던 고기집 중 정말 최악이었습니다.,0
2,"직원분이 너무너무 친절하시고 좋았어요!고기도 다 구워주시고 잘라주시고꿀맛 조합도 알려주셔서 정말 맛있게 먹고왔네요시험 끝나고 꼭 다시 갈게요!!!!!!!!!!!밑반찬도, 고기도 진짜 맛있었습니다ㅜㅜ",0
3,음식은 맛있는데 서빙할때 인상 쓰고 하지 마시고  친절도만 좀 신경 써주세요.,0
1,,0
3,이모님이 너무 친절하시고 가게가 깨끗한편항정살 괜찮고 된장찌개 맛있음,0
8,어쩌다 급하게 찾아서 간 곳이엇는데 고기 직접 맛잇게 구워주시구 고기 질도 좋고 기본으로 나오는 국물이 너무 술 재질이라 결국 낮술함 ㅎ.....존맛,1
4,,1
